date,channel,spend_amount
2024-01-01,Search,57.32
2024-01-01,Paid Social,195.38
2024-01-01,Email,6.06
2024-01-01,Organic,0.0
2024-01-01,Direct,0.0
2024-01-02,Search,133.2
2024-01-02,Paid Social,95.91
2024-01-02,Email,5.05
2024-01-02,Organic,0.0
2024-01-02,Direct,0.0
2024-01-03,Search,60.23
2024-01-03,Paid Social,231.3
2024-01-03,Email,12.27
2024-01-03,Organic,0.0
2024-01-03,Direct,0.0
2024-01-04,Search,108.06
2024-01-04,Paid Social,206.44
2024-01-04,Email,8.47
2024-01-04,Organic,0.0
2024-01-04,Direct,0.0
2024-01-05,Search,144.04
2024-01-05,Paid Social,187.81
2024-01-05,Email,10.02
2024-01-05,Organic,0.0
2024-01-05,Direct,0.0
2024-01-06,Search,59.53
2024-01-06,Paid Social,131.6
2024-01-06,Email,19.25
2024-01-06,Organic,0.0
2024-01-06,Direct,0.0
2024-01-07,Search,89.38
2024-01-07,Paid Social,155.97
2024-01-07,Email,17.98
2024-01-07,Organic,0.0
2024-01-07,Direct,0.0
2024-01-08,Search,67.19
2024-01-08,Paid Social,132.3
2024-01-08,Email,8.65
2024-01-08,Organic,0.0
2024-01-08,Direct,0.0
2024-01-09,Search,67.8
2024-01-09,Paid Social,194.75
2024-01-09,Email,9.48
2024-01-09,Organic,0.0
2024-01-09,Direct,0.0
2024-01-10,Search,78.38
2024-01-10,Paid Social,237.14
2024-01-10,Email,6.54
2024-01-10,Organic,0.0
2024-01-10,Direct,0.0
2024-01-11,Search,57.53
2024-01-11,Paid Social,174.48
2024-01-11,Email,19.32
2024-01-11,Organic,0.0
2024-01-11,Direct,0.0
2024-01-12,Search,146.28
2024-01-12,Paid Social,248.82
2024-01-12,Email,18.26
2024-01-12,Organic,0.0
2024-01-12,Direct,0.0
2024-01-13,Search,70.52
2024-01-13,Paid Social,191.52
2024-01-13,Email,9.66
2024-01-13,Organic,0.0
2024-01-13,Direct,0.0
2024-01-14,Search,89.99
2024-01-14,Paid Social,126.56
2024-01-14,Email,10.47
2024-01-14,Organic,0.0
2024-01-14,Direct,0.0
2024-01-15,Search,53.26
2024-01-15,Paid Social,106.58
2024-01-15,Email,5.24
2024-01-15,Organic,0.0
2024-01-15,Direct,0.0
2024-01-16,Search,73.88
2024-01-16,Paid Social,235.08
2024-01-16,Email,12.93
2024-01-16,Organic,0.0
2024-01-16,Direct,0.0
2024-01-17,Search,93.48
2024-01-17,Paid Social,228.2
2024-01-17,Email,11.42
2024-01-17,Organic,0.0
2024-01-17,Direct,0.0
2024-01-18,Search,93.86
2024-01-18,Paid Social,145.18
2024-01-18,Email,10.99
2024-01-18,Organic,0.0
2024-01-18,Direct,0.0
2024-01-19,Search,111.03
2024-01-19,Paid Social,217.55
2024-01-19,Email,12.52
2024-01-19,Organic,0.0
2024-01-19,Direct,0.0
2024-01-20,Search,117.05
2024-01-20,Paid Social,145.08
2024-01-20,Email,8.09
2024-01-20,Organic,0.0
2024-01-20,Direct,0.0
2024-01-21,Search,149.86
2024-01-21,Paid Social,85.91
2024-01-21,Email,9.23
2024-01-21,Organic,0.0
2024-01-21,Direct,0.0
2024-01-22,Search,124.41
2024-01-22,Paid Social,149.1
2024-01-22,Email,17.59
2024-01-22,Organic,0.0
2024-01-22,Direct,0.0
2024-01-23,Search,69.06
2024-01-23,Paid Social,230.27
2024-01-23,Email,18.48
2024-01-23,Organic,0.0
2024-01-23,Direct,0.0
2024-01-24,Search,115.98
2024-01-24,Paid Social,80.29
2024-01-24,Email,12.88
2024-01-24,Organic,0.0
2024-01-24,Direct,0.0
2024-01-25,Search,144.65
2024-01-25,Paid Social,218.18
2024-01-25,Email,6.01
2024-01-25,Organic,0.0
2024-01-25,Direct,0.0
2024-01-26,Search,80.43
2024-01-26,Paid Social,99.21
2024-01-26,Email,12.73
2024-01-26,Organic,0.0
2024-01-26,Direct,0.0
2024-01-27,Search,138.28
2024-01-27,Paid Social,89.66
2024-01-27,Email,14.42
2024-01-27,Organic,0.0
2024-01-27,Direct,0.0
2024-01-28,Search,66.36
2024-01-28,Paid Social,198.57
2024-01-28,Email,8.43
2024-01-28,Organic,0.0
2024-01-28,Direct,0.0
2024-01-29,Search,112.14
2024-01-29,Paid Social,125.31
2024-01-29,Email,10.85
2024-01-29,Organic,0.0
2024-01-29,Direct,0.0
2024-01-30,Search,103.82
2024-01-30,Paid Social,119.31
2024-01-30,Email,9.57
2024-01-30,Organic,0.0
2024-01-30,Direct,0.0
2024-01-31,Search,118.98
2024-01-31,Paid Social,145.98
2024-01-31,Email,7.37
2024-01-31,Organic,0.0
2024-01-31,Direct,0.0
2024-02-01,Search,127.16
2024-02-01,Paid Social,166.39
2024-02-01,Email,12.76
2024-02-01,Organic,0.0
2024-02-01,Direct,0.0
2024-02-02,Search,67.58
2024-02-02,Paid Social,104.03
2024-02-02,Email,8.97
2024-02-02,Organic,0.0
2024-02-02,Direct,0.0
2024-02-03,Search,69.84
2024-02-03,Paid Social,149.85
2024-02-03,Email,13.57
2024-02-03,Organic,0.0
2024-02-03,Direct,0.0
2024-02-04,Search,135.16
2024-02-04,Paid Social,202.83
2024-02-04,Email,19.62
2024-02-04,Organic,0.0
2024-02-04,Direct,0.0
2024-02-05,Search,117.14
2024-02-05,Paid Social,195.23
2024-02-05,Email,12.36
2024-02-05,Organic,0.0
2024-02-05,Direct,0.0
2024-02-06,Search,144.92
2024-02-06,Paid Social,122.35
2024-02-06,Email,7.35
2024-02-06,Organic,0.0
2024-02-06,Direct,0.0
2024-02-07,Search,136.49
2024-02-07,Paid Social,180.53
2024-02-07,Email,15.73
2024-02-07,Organic,0.0
2024-02-07,Direct,0.0
2024-02-08,Search,110.45
2024-02-08,Paid Social,190.37
2024-02-08,Email,8.7
2024-02-08,Organic,0.0
2024-02-08,Direct,0.0
2024-02-09,Search,63.82
2024-02-09,Paid Social,241.19
2024-02-09,Email,18.9
2024-02-09,Organic,0.0
2024-02-09,Direct,0.0
2024-02-10,Search,57.19
2024-02-10,Paid Social,148.49
2024-02-10,Email,14.22
2024-02-10,Organic,0.0
2024-02-10,Direct,0.0
2024-02-11,Search,78.86
2024-02-11,Paid Social,83.42
2024-02-11,Email,10.94
2024-02-11,Organic,0.0
2024-02-11,Direct,0.0
2024-02-12,Search,131.31
2024-02-12,Paid Social,105.42
2024-02-12,Email,11.72
2024-02-12,Organic,0.0
2024-02-12,Direct,0.0
2024-02-13,Search,142.29
2024-02-13,Paid Social,84.59
2024-02-13,Email,10.5
2024-02-13,Organic,0.0
2024-02-13,Direct,0.0
2024-02-14,Search,120.23
2024-02-14,Paid Social,185.0
2024-02-14,Email,14.99
2024-02-14,Organic,0.0
2024-02-14,Direct,0.0
2024-02-15,Search,66.79
2024-02-15,Paid Social,94.19
2024-02-15,Email,17.84
2024-02-15,Organic,0.0
2024-02-15,Direct,0.0
2024-02-16,Search,92.95
2024-02-16,Paid Social,179.11
2024-02-16,Email,8.0
2024-02-16,Organic,0.0
2024-02-16,Direct,0.0
2024-02-17,Search,146.67
2024-02-17,Paid Social,186.87
2024-02-17,Email,12.84
2024-02-17,Organic,0.0
2024-02-17,Direct,0.0
2024-02-18,Search,125.2
2024-02-18,Paid Social,106.54
2024-02-18,Email,10.08
2024-02-18,Organic,0.0
2024-02-18,Direct,0.0
2024-02-19,Search,143.08
2024-02-19,Paid Social,111.52
2024-02-19,Email,17.97
2024-02-19,Organic,0.0
2024-02-19,Direct,0.0
2024-02-20,Search,66.92
2024-02-20,Paid Social,181.92
2024-02-20,Email,9.05
2024-02-20,Organic,0.0
2024-02-20,Direct,0.0
2024-02-21,Search,93.58
2024-02-21,Paid Social,130.95
2024-02-21,Email,9.46
2024-02-21,Organic,0.0
2024-02-21,Direct,0.0
2024-02-22,Search,79.73
2024-02-22,Paid Social,125.28
2024-02-22,Email,9.33
2024-02-22,Organic,0.0
2024-02-22,Direct,0.0
2024-02-23,Search,119.29
2024-02-23,Paid Social,150.8
2024-02-23,Email,10.63
2024-02-23,Organic,0.0
2024-02-23,Direct,0.0
2024-02-24,Search,92.24
2024-02-24,Paid Social,228.05
2024-02-24,Email,5.82
2024-02-24,Organic,0.0
2024-02-24,Direct,0.0
2024-02-25,Search,90.39
2024-02-25,Paid Social,121.87
2024-02-25,Email,18.18
2024-02-25,Organic,0.0
2024-02-25,Direct,0.0
2024-02-26,Search,52.71
2024-02-26,Paid Social,107.23
2024-02-26,Email,11.95
2024-02-26,Organic,0.0
2024-02-26,Direct,0.0
2024-02-27,Search,89.34
2024-02-27,Paid Social,145.78
2024-02-27,Email,15.34
2024-02-27,Organic,0.0
2024-02-27,Direct,0.0
2024-02-28,Search,146.17
2024-02-28,Paid Social,140.68
2024-02-28,Email,15.77
2024-02-28,Organic,0.0
2024-02-28,Direct,0.0
2024-02-29,Search,57.18
2024-02-29,Paid Social,117.02
2024-02-29,Email,15.55
2024-02-29,Organic,0.0
2024-02-29,Direct,0.0
2024-03-01,Search,125.67
2024-03-01,Paid Social,115.66
2024-03-01,Email,9.26
2024-03-01,Organic,0.0
2024-03-01,Direct,0.0
2024-03-02,Search,87.62
2024-03-02,Paid Social,214.85
2024-03-02,Email,14.05
2024-03-02,Organic,0.0
2024-03-02,Direct,0.0
2024-03-03,Search,72.43
2024-03-03,Paid Social,160.31
2024-03-03,Email,12.22
2024-03-03,Organic,0.0
2024-03-03,Direct,0.0
2024-03-04,Search,128.81
2024-03-04,Paid Social,131.87
2024-03-04,Email,16.18
2024-03-04,Organic,0.0
2024-03-04,Direct,0.0
2024-03-05,Search,139.46
2024-03-05,Paid Social,108.71
2024-03-05,Email,12.65
2024-03-05,Organic,0.0
2024-03-05,Direct,0.0
2024-03-06,Search,128.26
2024-03-06,Paid Social,92.26
2024-03-06,Email,17.7
2024-03-06,Organic,0.0
2024-03-06,Direct,0.0
2024-03-07,Search,116.71
2024-03-07,Paid Social,188.87
2024-03-07,Email,16.56
2024-03-07,Organic,0.0
2024-03-07,Direct,0.0
2024-03-08,Search,146.81
2024-03-08,Paid Social,98.02
2024-03-08,Email,16.31
2024-03-08,Organic,0.0
2024-03-08,Direct,0.0
2024-03-09,Search,100.47
2024-03-09,Paid Social,152.53
2024-03-09,Email,6.58
2024-03-09,Organic,0.0
2024-03-09,Direct,0.0
2024-03-10,Search,77.96
2024-03-10,Paid Social,201.38
2024-03-10,Email,14.19
2024-03-10,Organic,0.0
2024-03-10,Direct,0.0
2024-03-11,Search,133.92
2024-03-11,Paid Social,158.47
2024-03-11,Email,14.14
2024-03-11,Organic,0.0
2024-03-11,Direct,0.0
2024-03-12,Search,110.03
2024-03-12,Paid Social,128.72
2024-03-12,Email,19.86
2024-03-12,Organic,0.0
2024-03-12,Direct,0.0
2024-03-13,Search,134.13
2024-03-13,Paid Social,92.45
2024-03-13,Email,9.67
2024-03-13,Organic,0.0
2024-03-13,Direct,0.0
2024-03-14,Search,135.41
2024-03-14,Paid Social,149.2
2024-03-14,Email,13.27
2024-03-14,Organic,0.0
2024-03-14,Direct,0.0
2024-03-15,Search,67.75
2024-03-15,Paid Social,157.88
2024-03-15,Email,11.03
2024-03-15,Organic,0.0
2024-03-15,Direct,0.0
2024-03-16,Search,59.03
2024-03-16,Paid Social,81.82
2024-03-16,Email,18.69
2024-03-16,Organic,0.0
2024-03-16,Direct,0.0
2024-03-17,Search,105.9
2024-03-17,Paid Social,160.27
2024-03-17,Email,19.77
2024-03-17,Organic,0.0
2024-03-17,Direct,0.0
2024-03-18,Search,64.32
2024-03-18,Paid Social,214.5
2024-03-18,Email,19.05
2024-03-18,Organic,0.0
2024-03-18,Direct,0.0
2024-03-19,Search,100.33
2024-03-19,Paid Social,125.24
2024-03-19,Email,6.08
2024-03-19,Organic,0.0
2024-03-19,Direct,0.0
2024-03-20,Search,87.84
2024-03-20,Paid Social,107.15
2024-03-20,Email,11.9
2024-03-20,Organic,0.0
2024-03-20,Direct,0.0
2024-03-21,Search,144.22
2024-03-21,Paid Social,145.82
2024-03-21,Email,18.74
2024-03-21,Organic,0.0
2024-03-21,Direct,0.0
2024-03-22,Search,111.57
2024-03-22,Paid Social,186.92
2024-03-22,Email,16.35
2024-03-22,Organic,0.0
2024-03-22,Direct,0.0
2024-03-23,Search,128.48
2024-03-23,Paid Social,171.03
2024-03-23,Email,11.29
2024-03-23,Organic,0.0
2024-03-23,Direct,0.0
2024-03-24,Search,81.69
2024-03-24,Paid Social,238.09
2024-03-24,Email,5.38
2024-03-24,Organic,0.0
2024-03-24,Direct,0.0
2024-03-25,Search,76.28
2024-03-25,Paid Social,140.32
2024-03-25,Email,6.93
2024-03-25,Organic,0.0
2024-03-25,Direct,0.0
2024-03-26,Search,52.63
2024-03-26,Paid Social,162.2
2024-03-26,Email,11.32
2024-03-26,Organic,0.0
2024-03-26,Direct,0.0
2024-03-27,Search,125.09
2024-03-27,Paid Social,158.98
2024-03-27,Email,12.25
2024-03-27,Organic,0.0
2024-03-27,Direct,0.0
2024-03-28,Search,61.36
2024-03-28,Paid Social,240.79
2024-03-28,Email,10.63
2024-03-28,Organic,0.0
2024-03-28,Direct,0.0
2024-03-29,Search,63.85
2024-03-29,Paid Social,82.81
2024-03-29,Email,16.17
2024-03-29,Organic,0.0
2024-03-29,Direct,0.0
2024-03-30,Search,116.34
2024-03-30,Paid Social,112.83
2024-03-30,Email,6.88
2024-03-30,Organic,0.0
2024-03-30,Direct,0.0
2024-03-31,Search,149.23
2024-03-31,Paid Social,148.0
2024-03-31,Email,16.52
2024-03-31,Organic,0.0
2024-03-31,Direct,0.0
2024-04-01,Search,117.36
2024-04-01,Paid Social,92.27
2024-04-01,Email,17.19
2024-04-01,Organic,0.0
2024-04-01,Direct,0.0
2024-04-02,Search,104.01
2024-04-02,Paid Social,136.28
2024-04-02,Email,10.81
2024-04-02,Organic,0.0
2024-04-02,Direct,0.0
2024-04-03,Search,63.76
2024-04-03,Paid Social,114.28
2024-04-03,Email,9.42
2024-04-03,Organic,0.0
2024-04-03,Direct,0.0
2024-04-04,Search,72.59
2024-04-04,Paid Social,190.46
2024-04-04,Email,6.02
2024-04-04,Organic,0.0
2024-04-04,Direct,0.0
2024-04-05,Search,108.84
2024-04-05,Paid Social,83.25
2024-04-05,Email,10.39
2024-04-05,Organic,0.0
2024-04-05,Direct,0.0
2024-04-06,Search,129.98
2024-04-06,Paid Social,218.1
2024-04-06,Email,8.29
2024-04-06,Organic,0.0
2024-04-06,Direct,0.0
2024-04-07,Search,105.13
2024-04-07,Paid Social,222.62
2024-04-07,Email,18.92
2024-04-07,Organic,0.0
2024-04-07,Direct,0.0
2024-04-08,Search,63.79
2024-04-08,Paid Social,218.89
2024-04-08,Email,5.72
2024-04-08,Organic,0.0
2024-04-08,Direct,0.0
2024-04-09,Search,134.97
2024-04-09,Paid Social,89.72
2024-04-09,Email,17.41
2024-04-09,Organic,0.0
2024-04-09,Direct,0.0
2024-04-10,Search,128.89
2024-04-10,Paid Social,206.93
2024-04-10,Email,19.23
2024-04-10,Organic,0.0
2024-04-10,Direct,0.0
2024-04-11,Search,123.27
2024-04-11,Paid Social,189.25
2024-04-11,Email,16.46
2024-04-11,Organic,0.0
2024-04-11,Direct,0.0
2024-04-12,Search,51.27
2024-04-12,Paid Social,174.55
2024-04-12,Email,5.66
2024-04-12,Organic,0.0
2024-04-12,Direct,0.0
2024-04-13,Search,81.57
2024-04-13,Paid Social,106.59
2024-04-13,Email,8.92
2024-04-13,Organic,0.0
2024-04-13,Direct,0.0
2024-04-14,Search,107.92
2024-04-14,Paid Social,242.95
2024-04-14,Email,12.56
2024-04-14,Organic,0.0
2024-04-14,Direct,0.0
2024-04-15,Search,83.69
2024-04-15,Paid Social,169.51
2024-04-15,Email,12.67
2024-04-15,Organic,0.0
2024-04-15,Direct,0.0
2024-04-16,Search,66.31
2024-04-16,Paid Social,240.97
2024-04-16,Email,17.4
2024-04-16,Organic,0.0
2024-04-16,Direct,0.0
2024-04-17,Search,55.61
2024-04-17,Paid Social,98.82
2024-04-17,Email,11.18
2024-04-17,Organic,0.0
2024-04-17,Direct,0.0
2024-04-18,Search,124.9
2024-04-18,Paid Social,148.4
2024-04-18,Email,14.97
2024-04-18,Organic,0.0
2024-04-18,Direct,0.0
2024-04-19,Search,54.33
2024-04-19,Paid Social,219.07
2024-04-19,Email,14.14
2024-04-19,Organic,0.0
2024-04-19,Direct,0.0
2024-04-20,Search,144.04
2024-04-20,Paid Social,110.93
2024-04-20,Email,18.18
2024-04-20,Organic,0.0
2024-04-20,Direct,0.0
2024-04-21,Search,59.37
2024-04-21,Paid Social,184.47
2024-04-21,Email,14.09
2024-04-21,Organic,0.0
2024-04-21,Direct,0.0
2024-04-22,Search,141.2
2024-04-22,Paid Social,231.06
2024-04-22,Email,17.9
2024-04-22,Organic,0.0
2024-04-22,Direct,0.0
2024-04-23,Search,108.95
2024-04-23,Paid Social,224.95
2024-04-23,Email,17.4
2024-04-23,Organic,0.0
2024-04-23,Direct,0.0
2024-04-24,Search,98.22
2024-04-24,Paid Social,98.77
2024-04-24,Email,16.48
2024-04-24,Organic,0.0
2024-04-24,Direct,0.0
2024-04-25,Search,140.47
2024-04-25,Paid Social,142.19
2024-04-25,Email,8.87
2024-04-25,Organic,0.0
2024-04-25,Direct,0.0
2024-04-26,Search,125.0
2024-04-26,Paid Social,198.78
2024-04-26,Email,19.49
2024-04-26,Organic,0.0
2024-04-26,Direct,0.0
2024-04-27,Search,130.32
2024-04-27,Paid Social,205.86
2024-04-27,Email,6.03
2024-04-27,Organic,0.0
2024-04-27,Direct,0.0
2024-04-28,Search,74.13
2024-04-28,Paid Social,117.47
2024-04-28,Email,19.23
2024-04-28,Organic,0.0
2024-04-28,Direct,0.0
2024-04-29,Search,88.86
2024-04-29,Paid Social,188.69
2024-04-29,Email,16.6
2024-04-29,Organic,0.0
2024-04-29,Direct,0.0
2024-04-30,Search,78.49
2024-04-30,Paid Social,113.44
2024-04-30,Email,11.99
2024-04-30,Organic,0.0
2024-04-30,Direct,0.0
2024-05-01,Search,78.2
2024-05-01,Paid Social,88.92
2024-05-01,Email,9.42
2024-05-01,Organic,0.0
2024-05-01,Direct,0.0
2024-05-02,Search,64.17
2024-05-02,Paid Social,240.25
2024-05-02,Email,11.99
2024-05-02,Organic,0.0
2024-05-02,Direct,0.0
2024-05-03,Search,124.72
2024-05-03,Paid Social,125.6
2024-05-03,Email,10.12
2024-05-03,Organic,0.0
2024-05-03,Direct,0.0
2024-05-04,Search,89.57
2024-05-04,Paid Social,204.41
2024-05-04,Email,18.0
2024-05-04,Organic,0.0
2024-05-04,Direct,0.0
2024-05-05,Search,60.89
2024-05-05,Paid Social,135.95
2024-05-05,Email,10.25
2024-05-05,Organic,0.0
2024-05-05,Direct,0.0
2024-05-06,Search,106.23
2024-05-06,Paid Social,93.11
2024-05-06,Email,11.14
2024-05-06,Organic,0.0
2024-05-06,Direct,0.0
2024-05-07,Search,50.34
2024-05-07,Paid Social,246.62
2024-05-07,Email,9.61
2024-05-07,Organic,0.0
2024-05-07,Direct,0.0
2024-05-08,Search,55.75
2024-05-08,Paid Social,154.58
2024-05-08,Email,12.4
2024-05-08,Organic,0.0
2024-05-08,Direct,0.0
2024-05-09,Search,92.78
2024-05-09,Paid Social,84.67
2024-05-09,Email,16.59
2024-05-09,Organic,0.0
2024-05-09,Direct,0.0
2024-05-10,Search,147.19
2024-05-10,Paid Social,160.07
2024-05-10,Email,13.17
2024-05-10,Organic,0.0
2024-05-10,Direct,0.0
2024-05-11,Search,117.61
2024-05-11,Paid Social,185.87
2024-05-11,Email,17.8
2024-05-11,Organic,0.0
2024-05-11,Direct,0.0
2024-05-12,Search,136.59
2024-05-12,Paid Social,128.33
2024-05-12,Email,14.43
2024-05-12,Organic,0.0
2024-05-12,Direct,0.0
2024-05-13,Search,72.75
2024-05-13,Paid Social,156.92
2024-05-13,Email,18.81
2024-05-13,Organic,0.0
2024-05-13,Direct,0.0
2024-05-14,Search,121.94
2024-05-14,Paid Social,105.4
2024-05-14,Email,13.98
2024-05-14,Organic,0.0
2024-05-14,Direct,0.0
2024-05-15,Search,123.07
2024-05-15,Paid Social,198.98
2024-05-15,Email,19.17
2024-05-15,Organic,0.0
2024-05-15,Direct,0.0
2024-05-16,Search,140.25
2024-05-16,Paid Social,114.39
2024-05-16,Email,6.68
2024-05-16,Organic,0.0
2024-05-16,Direct,0.0
2024-05-17,Search,108.74
2024-05-17,Paid Social,184.42
2024-05-17,Email,14.37
2024-05-17,Organic,0.0
2024-05-17,Direct,0.0
2024-05-18,Search,136.84
2024-05-18,Paid Social,131.81
2024-05-18,Email,17.6
2024-05-18,Organic,0.0
2024-05-18,Direct,0.0
2024-05-19,Search,129.51
2024-05-19,Paid Social,216.9
2024-05-19,Email,6.59
2024-05-19,Organic,0.0
2024-05-19,Direct,0.0
2024-05-20,Search,79.22
2024-05-20,Paid Social,143.22
2024-05-20,Email,10.87
2024-05-20,Organic,0.0
2024-05-20,Direct,0.0
2024-05-21,Search,105.59
2024-05-21,Paid Social,234.82
2024-05-21,Email,13.19
2024-05-21,Organic,0.0
2024-05-21,Direct,0.0
2024-05-22,Search,76.64
2024-05-22,Paid Social,216.52
2024-05-22,Email,11.36
2024-05-22,Organic,0.0
2024-05-22,Direct,0.0
2024-05-23,Search,79.58
2024-05-23,Paid Social,131.57
2024-05-23,Email,8.4
2024-05-23,Organic,0.0
2024-05-23,Direct,0.0
2024-05-24,Search,105.74
2024-05-24,Paid Social,193.53
2024-05-24,Email,18.24
2024-05-24,Organic,0.0
2024-05-24,Direct,0.0
2024-05-25,Search,77.36
2024-05-25,Paid Social,220.3
2024-05-25,Email,10.61
2024-05-25,Organic,0.0
2024-05-25,Direct,0.0
2024-05-26,Search,139.08
2024-05-26,Paid Social,140.13
2024-05-26,Email,10.21
2024-05-26,Organic,0.0
2024-05-26,Direct,0.0
2024-05-27,Search,123.65
2024-05-27,Paid Social,226.38
2024-05-27,Email,16.98
2024-05-27,Organic,0.0
2024-05-27,Direct,0.0
2024-05-28,Search,95.45
2024-05-28,Paid Social,174.0
2024-05-28,Email,5.98
2024-05-28,Organic,0.0
2024-05-28,Direct,0.0
2024-05-29,Search,113.33
2024-05-29,Paid Social,201.9
2024-05-29,Email,13.67
2024-05-29,Organic,0.0
2024-05-29,Direct,0.0
2024-05-30,Search,109.56
2024-05-30,Paid Social,159.7
2024-05-30,Email,6.97
2024-05-30,Organic,0.0
2024-05-30,Direct,0.0
2024-05-31,Search,58.04
2024-05-31,Paid Social,238.06
2024-05-31,Email,6.26
2024-05-31,Organic,0.0
2024-05-31,Direct,0.0
2024-06-01,Search,114.89
2024-06-01,Paid Social,101.27
2024-06-01,Email,16.85
2024-06-01,Organic,0.0
2024-06-01,Direct,0.0
2024-06-02,Search,72.67
2024-06-02,Paid Social,107.39
2024-06-02,Email,12.22
2024-06-02,Organic,0.0
2024-06-02,Direct,0.0
2024-06-03,Search,146.4
2024-06-03,Paid Social,116.65
2024-06-03,Email,18.43
2024-06-03,Organic,0.0
2024-06-03,Direct,0.0
2024-06-04,Search,89.43
2024-06-04,Paid Social,187.39
2024-06-04,Email,14.29
2024-06-04,Organic,0.0
2024-06-04,Direct,0.0
2024-06-05,Search,127.86
2024-06-05,Paid Social,164.89
2024-06-05,Email,19.58
2024-06-05,Organic,0.0
2024-06-05,Direct,0.0
2024-06-06,Search,132.22
2024-06-06,Paid Social,156.64
2024-06-06,Email,12.85
2024-06-06,Organic,0.0
2024-06-06,Direct,0.0
2024-06-07,Search,117.98
2024-06-07,Paid Social,145.18
2024-06-07,Email,13.75
2024-06-07,Organic,0.0
2024-06-07,Direct,0.0
2024-06-08,Search,90.85
2024-06-08,Paid Social,247.47
2024-06-08,Email,12.49
2024-06-08,Organic,0.0
2024-06-08,Direct,0.0
2024-06-09,Search,103.32
2024-06-09,Paid Social,223.0
2024-06-09,Email,15.11
2024-06-09,Organic,0.0
2024-06-09,Direct,0.0
2024-06-10,Search,98.24
2024-06-10,Paid Social,245.01
2024-06-10,Email,8.99
2024-06-10,Organic,0.0
2024-06-10,Direct,0.0
2024-06-11,Search,108.09
2024-06-11,Paid Social,98.31
2024-06-11,Email,14.5
2024-06-11,Organic,0.0
2024-06-11,Direct,0.0
2024-06-12,Search,140.49
2024-06-12,Paid Social,185.0
2024-06-12,Email,16.58
2024-06-12,Organic,0.0
2024-06-12,Direct,0.0
2024-06-13,Search,133.82
2024-06-13,Paid Social,99.29
2024-06-13,Email,17.05
2024-06-13,Organic,0.0
2024-06-13,Direct,0.0
2024-06-14,Search,81.61
2024-06-14,Paid Social,241.61
2024-06-14,Email,17.33
2024-06-14,Organic,0.0
2024-06-14,Direct,0.0
2024-06-15,Search,78.31
2024-06-15,Paid Social,127.49
2024-06-15,Email,11.19
2024-06-15,Organic,0.0
2024-06-15,Direct,0.0
2024-06-16,Search,65.24
2024-06-16,Paid Social,85.92
2024-06-16,Email,6.52
2024-06-16,Organic,0.0
2024-06-16,Direct,0.0
2024-06-17,Search,88.29
2024-06-17,Paid Social,213.95
2024-06-17,Email,7.74
2024-06-17,Organic,0.0
2024-06-17,Direct,0.0
2024-06-18,Search,111.49
2024-06-18,Paid Social,185.51
2024-06-18,Email,11.3
2024-06-18,Organic,0.0
2024-06-18,Direct,0.0
2024-06-19,Search,98.04
2024-06-19,Paid Social,211.21
2024-06-19,Email,11.82
2024-06-19,Organic,0.0
2024-06-19,Direct,0.0
2024-06-20,Search,149.01
2024-06-20,Paid Social,198.44
2024-06-20,Email,17.49
2024-06-20,Organic,0.0
2024-06-20,Direct,0.0
2024-06-21,Search,73.89
2024-06-21,Paid Social,109.77
2024-06-21,Email,17.16
2024-06-21,Organic,0.0
2024-06-21,Direct,0.0
2024-06-22,Search,87.93
2024-06-22,Paid Social,115.36
2024-06-22,Email,12.38
2024-06-22,Organic,0.0
2024-06-22,Direct,0.0
2024-06-23,Search,56.51
2024-06-23,Paid Social,150.22
2024-06-23,Email,12.75
2024-06-23,Organic,0.0
2024-06-23,Direct,0.0
2024-06-24,Search,80.46
2024-06-24,Paid Social,151.47
2024-06-24,Email,12.5
2024-06-24,Organic,0.0
2024-06-24,Direct,0.0
2024-06-25,Search,57.13
2024-06-25,Paid Social,101.48
2024-06-25,Email,5.69
2024-06-25,Organic,0.0
2024-06-25,Direct,0.0
2024-06-26,Search,93.05
2024-06-26,Paid Social,174.58
2024-06-26,Email,14.23
2024-06-26,Organic,0.0
2024-06-26,Direct,0.0
2024-06-27,Search,65.8
2024-06-27,Paid Social,157.97
2024-06-27,Email,19.87
2024-06-27,Organic,0.0
2024-06-27,Direct,0.0
2024-06-28,Search,146.51
2024-06-28,Paid Social,179.43
2024-06-28,Email,14.58
2024-06-28,Organic,0.0
2024-06-28,Direct,0.0
2024-06-29,Search,122.44
2024-06-29,Paid Social,159.68
2024-06-29,Email,19.5
2024-06-29,Organic,0.0
2024-06-29,Direct,0.0
2024-06-30,Search,57.29
2024-06-30,Paid Social,185.17
2024-06-30,Email,19.2
2024-06-30,Organic,0.0
2024-06-30,Direct,0.0
2024-07-01,Search,71.14
2024-07-01,Paid Social,194.84
2024-07-01,Email,13.81
2024-07-01,Organic,0.0
2024-07-01,Direct,0.0
2024-07-02,Search,126.9
2024-07-02,Paid Social,196.58
2024-07-02,Email,9.39
2024-07-02,Organic,0.0
2024-07-02,Direct,0.0
2024-07-03,Search,137.85
2024-07-03,Paid Social,144.92
2024-07-03,Email,10.8
2024-07-03,Organic,0.0
2024-07-03,Direct,0.0
2024-07-04,Search,98.75
2024-07-04,Paid Social,98.28
2024-07-04,Email,5.63
2024-07-04,Organic,0.0
2024-07-04,Direct,0.0
2024-07-05,Search,93.15
2024-07-05,Paid Social,198.18
2024-07-05,Email,10.9
2024-07-05,Organic,0.0
2024-07-05,Direct,0.0
2024-07-06,Search,141.35
2024-07-06,Paid Social,173.27
2024-07-06,Email,18.57
2024-07-06,Organic,0.0
2024-07-06,Direct,0.0
2024-07-07,Search,55.01
2024-07-07,Paid Social,124.26
2024-07-07,Email,10.62
2024-07-07,Organic,0.0
2024-07-07,Direct,0.0
2024-07-08,Search,119.49
2024-07-08,Paid Social,166.57
2024-07-08,Email,11.0
2024-07-08,Organic,0.0
2024-07-08,Direct,0.0
2024-07-09,Search,136.27
2024-07-09,Paid Social,137.05
2024-07-09,Email,7.74
2024-07-09,Organic,0.0
2024-07-09,Direct,0.0
2024-07-10,Search,65.15
2024-07-10,Paid Social,101.42
2024-07-10,Email,16.09
2024-07-10,Organic,0.0
2024-07-10,Direct,0.0
2024-07-11,Search,55.23
2024-07-11,Paid Social,210.77
2024-07-11,Email,18.9
2024-07-11,Organic,0.0
2024-07-11,Direct,0.0
2024-07-12,Search,84.65
2024-07-12,Paid Social,195.42
2024-07-12,Email,18.54
2024-07-12,Organic,0.0
2024-07-12,Direct,0.0
2024-07-13,Search,114.67
2024-07-13,Paid Social,131.98
2024-07-13,Email,6.73
2024-07-13,Organic,0.0
2024-07-13,Direct,0.0
2024-07-14,Search,77.21
2024-07-14,Paid Social,188.55
2024-07-14,Email,6.24
2024-07-14,Organic,0.0
2024-07-14,Direct,0.0
2024-07-15,Search,115.83
2024-07-15,Paid Social,80.43
2024-07-15,Email,18.8
2024-07-15,Organic,0.0
2024-07-15,Direct,0.0
2024-07-16,Search,144.53
2024-07-16,Paid Social,80.22
2024-07-16,Email,10.68
2024-07-16,Organic,0.0
2024-07-16,Direct,0.0
2024-07-17,Search,123.35
2024-07-17,Paid Social,173.41
2024-07-17,Email,17.72
2024-07-17,Organic,0.0
2024-07-17,Direct,0.0
2024-07-18,Search,67.3
2024-07-18,Paid Social,237.15
2024-07-18,Email,5.41
2024-07-18,Organic,0.0
2024-07-18,Direct,0.0
2024-07-19,Search,133.46
2024-07-19,Paid Social,152.94
2024-07-19,Email,12.87
2024-07-19,Organic,0.0
2024-07-19,Direct,0.0
2024-07-20,Search,97.26
2024-07-20,Paid Social,214.51
2024-07-20,Email,19.39
2024-07-20,Organic,0.0
2024-07-20,Direct,0.0
2024-07-21,Search,130.36
2024-07-21,Paid Social,231.53
2024-07-21,Email,13.37
2024-07-21,Organic,0.0
2024-07-21,Direct,0.0
2024-07-22,Search,129.94
2024-07-22,Paid Social,183.8
2024-07-22,Email,7.12
2024-07-22,Organic,0.0
2024-07-22,Direct,0.0
2024-07-23,Search,58.06
2024-07-23,Paid Social,153.74
2024-07-23,Email,6.63
2024-07-23,Organic,0.0
2024-07-23,Direct,0.0
2024-07-24,Search,73.52
2024-07-24,Paid Social,125.09
2024-07-24,Email,15.45
2024-07-24,Organic,0.0
2024-07-24,Direct,0.0
2024-07-25,Search,100.74
2024-07-25,Paid Social,246.57
2024-07-25,Email,10.96
2024-07-25,Organic,0.0
2024-07-25,Direct,0.0
2024-07-26,Search,86.48
2024-07-26,Paid Social,183.57
2024-07-26,Email,5.03
2024-07-26,Organic,0.0
2024-07-26,Direct,0.0
2024-07-27,Search,124.3
2024-07-27,Paid Social,187.48
2024-07-27,Email,6.44
2024-07-27,Organic,0.0
2024-07-27,Direct,0.0
2024-07-28,Search,117.01
2024-07-28,Paid Social,140.85
2024-07-28,Email,17.25
2024-07-28,Organic,0.0
2024-07-28,Direct,0.0
2024-07-29,Search,60.18
2024-07-29,Paid Social,118.19
2024-07-29,Email,16.98
2024-07-29,Organic,0.0
2024-07-29,Direct,0.0
2024-07-30,Search,120.25
2024-07-30,Paid Social,108.41
2024-07-30,Email,19.4
2024-07-30,Organic,0.0
2024-07-30,Direct,0.0
2024-07-31,Search,145.94
2024-07-31,Paid Social,226.19
2024-07-31,Email,5.58
2024-07-31,Organic,0.0
2024-07-31,Direct,0.0
2024-08-01,Search,87.62
2024-08-01,Paid Social,90.7
2024-08-01,Email,5.41
2024-08-01,Organic,0.0
2024-08-01,Direct,0.0
2024-08-02,Search,60.05
2024-08-02,Paid Social,225.82
2024-08-02,Email,15.64
2024-08-02,Organic,0.0
2024-08-02,Direct,0.0
2024-08-03,Search,86.35
2024-08-03,Paid Social,228.5
2024-08-03,Email,18.9
2024-08-03,Organic,0.0
2024-08-03,Direct,0.0
2024-08-04,Search,133.03
2024-08-04,Paid Social,182.39
2024-08-04,Email,8.9
2024-08-04,Organic,0.0
2024-08-04,Direct,0.0
2024-08-05,Search,105.06
2024-08-05,Paid Social,231.8
2024-08-05,Email,12.95
2024-08-05,Organic,0.0
2024-08-05,Direct,0.0
2024-08-06,Search,57.18
2024-08-06,Paid Social,125.24
2024-08-06,Email,5.09
2024-08-06,Organic,0.0
2024-08-06,Direct,0.0
2024-08-07,Search,117.21
2024-08-07,Paid Social,208.06
2024-08-07,Email,7.18
2024-08-07,Organic,0.0
2024-08-07,Direct,0.0
2024-08-08,Search,119.63
2024-08-08,Paid Social,131.34
2024-08-08,Email,19.86
2024-08-08,Organic,0.0
2024-08-08,Direct,0.0
2024-08-09,Search,96.84
2024-08-09,Paid Social,197.38
2024-08-09,Email,9.54
2024-08-09,Organic,0.0
2024-08-09,Direct,0.0
2024-08-10,Search,70.76
2024-08-10,Paid Social,132.98
2024-08-10,Email,16.97
2024-08-10,Organic,0.0
2024-08-10,Direct,0.0
2024-08-11,Search,117.06
2024-08-11,Paid Social,159.41
2024-08-11,Email,10.53
2024-08-11,Organic,0.0
2024-08-11,Direct,0.0
2024-08-12,Search,92.92
2024-08-12,Paid Social,145.54
2024-08-12,Email,17.47
2024-08-12,Organic,0.0
2024-08-12,Direct,0.0
2024-08-13,Search,110.04
2024-08-13,Paid Social,111.59
2024-08-13,Email,8.34
2024-08-13,Organic,0.0
2024-08-13,Direct,0.0
2024-08-14,Search,148.79
2024-08-14,Paid Social,120.09
2024-08-14,Email,19.04
2024-08-14,Organic,0.0
2024-08-14,Direct,0.0
2024-08-15,Search,112.06
2024-08-15,Paid Social,81.68
2024-08-15,Email,18.75
2024-08-15,Organic,0.0
2024-08-15,Direct,0.0
2024-08-16,Search,145.13
2024-08-16,Paid Social,179.84
2024-08-16,Email,17.15
2024-08-16,Organic,0.0
2024-08-16,Direct,0.0
2024-08-17,Search,58.21
2024-08-17,Paid Social,209.89
2024-08-17,Email,7.02
2024-08-17,Organic,0.0
2024-08-17,Direct,0.0
2024-08-18,Search,60.23
2024-08-18,Paid Social,137.74
2024-08-18,Email,17.08
2024-08-18,Organic,0.0
2024-08-18,Direct,0.0
2024-08-19,Search,120.64
2024-08-19,Paid Social,245.51
2024-08-19,Email,11.89
2024-08-19,Organic,0.0
2024-08-19,Direct,0.0
2024-08-20,Search,87.85
2024-08-20,Paid Social,160.92
2024-08-20,Email,5.51
2024-08-20,Organic,0.0
2024-08-20,Direct,0.0
2024-08-21,Search,119.45
2024-08-21,Paid Social,191.99
2024-08-21,Email,15.94
2024-08-21,Organic,0.0
2024-08-21,Direct,0.0
2024-08-22,Search,112.0
2024-08-22,Paid Social,223.65
2024-08-22,Email,13.03
2024-08-22,Organic,0.0
2024-08-22,Direct,0.0
2024-08-23,Search,142.99
2024-08-23,Paid Social,90.51
2024-08-23,Email,5.28
2024-08-23,Organic,0.0
2024-08-23,Direct,0.0
2024-08-24,Search,84.16
2024-08-24,Paid Social,166.8
2024-08-24,Email,10.92
2024-08-24,Organic,0.0
2024-08-24,Direct,0.0
2024-08-25,Search,139.45
2024-08-25,Paid Social,222.4
2024-08-25,Email,14.01
2024-08-25,Organic,0.0
2024-08-25,Direct,0.0
2024-08-26,Search,58.25
2024-08-26,Paid Social,240.13
2024-08-26,Email,5.15
2024-08-26,Organic,0.0
2024-08-26,Direct,0.0
2024-08-27,Search,62.91
2024-08-27,Paid Social,247.48
2024-08-27,Email,6.31
2024-08-27,Organic,0.0
2024-08-27,Direct,0.0
2024-08-28,Search,106.13
2024-08-28,Paid Social,179.57
2024-08-28,Email,16.58
2024-08-28,Organic,0.0
2024-08-28,Direct,0.0
2024-08-29,Search,66.01
2024-08-29,Paid Social,118.64
2024-08-29,Email,6.17
2024-08-29,Organic,0.0
2024-08-29,Direct,0.0
2024-08-30,Search,104.99
2024-08-30,Paid Social,229.13
2024-08-30,Email,10.27
2024-08-30,Organic,0.0
2024-08-30,Direct,0.0
2024-08-31,Search,91.11
2024-08-31,Paid Social,236.86
2024-08-31,Email,7.79
2024-08-31,Organic,0.0
2024-08-31,Direct,0.0
2024-09-01,Search,60.75
2024-09-01,Paid Social,166.81
2024-09-01,Email,18.86
2024-09-01,Organic,0.0
2024-09-01,Direct,0.0
2024-09-02,Search,122.76
2024-09-02,Paid Social,198.91
2024-09-02,Email,19.41
2024-09-02,Organic,0.0
2024-09-02,Direct,0.0
2024-09-03,Search,101.63
2024-09-03,Paid Social,101.23
2024-09-03,Email,6.44
2024-09-03,Organic,0.0
2024-09-03,Direct,0.0
2024-09-04,Search,117.67
2024-09-04,Paid Social,140.17
2024-09-04,Email,18.2
2024-09-04,Organic,0.0
2024-09-04,Direct,0.0
2024-09-05,Search,149.03
2024-09-05,Paid Social,186.83
2024-09-05,Email,7.8
2024-09-05,Organic,0.0
2024-09-05,Direct,0.0
2024-09-06,Search,68.13
2024-09-06,Paid Social,179.51
2024-09-06,Email,15.36
2024-09-06,Organic,0.0
2024-09-06,Direct,0.0
2024-09-07,Search,77.13
2024-09-07,Paid Social,214.56
2024-09-07,Email,8.95
2024-09-07,Organic,0.0
2024-09-07,Direct,0.0
2024-09-08,Search,121.7
2024-09-08,Paid Social,147.99
2024-09-08,Email,18.9
2024-09-08,Organic,0.0
2024-09-08,Direct,0.0
2024-09-09,Search,140.52
2024-09-09,Paid Social,224.85
2024-09-09,Email,13.6
2024-09-09,Organic,0.0
2024-09-09,Direct,0.0
2024-09-10,Search,67.68
2024-09-10,Paid Social,101.75
2024-09-10,Email,5.79
2024-09-10,Organic,0.0
2024-09-10,Direct,0.0
2024-09-11,Search,109.09
2024-09-11,Paid Social,220.58
2024-09-11,Email,15.51
2024-09-11,Organic,0.0
2024-09-11,Direct,0.0
2024-09-12,Search,77.74
2024-09-12,Paid Social,171.87
2024-09-12,Email,5.99
2024-09-12,Organic,0.0
2024-09-12,Direct,0.0
2024-09-13,Search,68.81
2024-09-13,Paid Social,239.46
2024-09-13,Email,7.52
2024-09-13,Organic,0.0
2024-09-13,Direct,0.0
2024-09-14,Search,130.36
2024-09-14,Paid Social,137.37
2024-09-14,Email,13.82
2024-09-14,Organic,0.0
2024-09-14,Direct,0.0
2024-09-15,Search,79.46
2024-09-15,Paid Social,110.01
2024-09-15,Email,6.12
2024-09-15,Organic,0.0
2024-09-15,Direct,0.0
2024-09-16,Search,61.44
2024-09-16,Paid Social,162.05
2024-09-16,Email,9.19
2024-09-16,Organic,0.0
2024-09-16,Direct,0.0
2024-09-17,Search,87.74
2024-09-17,Paid Social,90.3
2024-09-17,Email,10.16
2024-09-17,Organic,0.0
2024-09-17,Direct,0.0
2024-09-18,Search,101.17
2024-09-18,Paid Social,89.43
2024-09-18,Email,14.58
2024-09-18,Organic,0.0
2024-09-18,Direct,0.0
2024-09-19,Search,105.24
2024-09-19,Paid Social,99.36
2024-09-19,Email,19.33
2024-09-19,Organic,0.0
2024-09-19,Direct,0.0
2024-09-20,Search,143.98
2024-09-20,Paid Social,80.36
2024-09-20,Email,12.42
2024-09-20,Organic,0.0
2024-09-20,Direct,0.0
2024-09-21,Search,61.1
2024-09-21,Paid Social,137.82
2024-09-21,Email,19.42
2024-09-21,Organic,0.0
2024-09-21,Direct,0.0
2024-09-22,Search,121.85
2024-09-22,Paid Social,155.2
2024-09-22,Email,7.94
2024-09-22,Organic,0.0
2024-09-22,Direct,0.0
2024-09-23,Search,148.27
2024-09-23,Paid Social,106.35
2024-09-23,Email,5.89
2024-09-23,Organic,0.0
2024-09-23,Direct,0.0
2024-09-24,Search,139.1
2024-09-24,Paid Social,248.68
2024-09-24,Email,11.96
2024-09-24,Organic,0.0
2024-09-24,Direct,0.0
2024-09-25,Search,124.68
2024-09-25,Paid Social,153.24
2024-09-25,Email,13.53
2024-09-25,Organic,0.0
2024-09-25,Direct,0.0
2024-09-26,Search,87.4
2024-09-26,Paid Social,111.76
2024-09-26,Email,12.17
2024-09-26,Organic,0.0
2024-09-26,Direct,0.0
2024-09-27,Search,99.25
2024-09-27,Paid Social,111.77
2024-09-27,Email,18.27
2024-09-27,Organic,0.0
2024-09-27,Direct,0.0
2024-09-28,Search,134.21
2024-09-28,Paid Social,206.25
2024-09-28,Email,7.36
2024-09-28,Organic,0.0
2024-09-28,Direct,0.0
2024-09-29,Search,50.18
2024-09-29,Paid Social,124.5
2024-09-29,Email,11.46
2024-09-29,Organic,0.0
2024-09-29,Direct,0.0
2024-09-30,Search,107.61
2024-09-30,Paid Social,206.67
2024-09-30,Email,13.07
2024-09-30,Organic,0.0
2024-09-30,Direct,0.0
2024-10-01,Search,138.4
2024-10-01,Paid Social,234.22
2024-10-01,Email,18.45
2024-10-01,Organic,0.0
2024-10-01,Direct,0.0
2024-10-02,Search,138.86
2024-10-02,Paid Social,91.82
2024-10-02,Email,11.56
2024-10-02,Organic,0.0
2024-10-02,Direct,0.0
2024-10-03,Search,141.42
2024-10-03,Paid Social,190.4
2024-10-03,Email,8.42
2024-10-03,Organic,0.0
2024-10-03,Direct,0.0
2024-10-04,Search,55.12
2024-10-04,Paid Social,199.39
2024-10-04,Email,15.86
2024-10-04,Organic,0.0
2024-10-04,Direct,0.0
2024-10-05,Search,88.29
2024-10-05,Paid Social,95.7
2024-10-05,Email,18.67
2024-10-05,Organic,0.0
2024-10-05,Direct,0.0
2024-10-06,Search,97.5
2024-10-06,Paid Social,218.94
2024-10-06,Email,5.8
2024-10-06,Organic,0.0
2024-10-06,Direct,0.0
2024-10-07,Search,64.49
2024-10-07,Paid Social,129.72
2024-10-07,Email,5.57
2024-10-07,Organic,0.0
2024-10-07,Direct,0.0
2024-10-08,Search,66.56
2024-10-08,Paid Social,107.54
2024-10-08,Email,5.25
2024-10-08,Organic,0.0
2024-10-08,Direct,0.0
2024-10-09,Search,70.65
2024-10-09,Paid Social,173.43
2024-10-09,Email,17.52
2024-10-09,Organic,0.0
2024-10-09,Direct,0.0
2024-10-10,Search,51.87
2024-10-10,Paid Social,213.44
2024-10-10,Email,18.8
2024-10-10,Organic,0.0
2024-10-10,Direct,0.0
2024-10-11,Search,58.67
2024-10-11,Paid Social,200.6
2024-10-11,Email,14.56
2024-10-11,Organic,0.0
2024-10-11,Direct,0.0
2024-10-12,Search,133.72
2024-10-12,Paid Social,120.42
2024-10-12,Email,17.11
2024-10-12,Organic,0.0
2024-10-12,Direct,0.0
2024-10-13,Search,139.84
2024-10-13,Paid Social,223.35
2024-10-13,Email,16.73
2024-10-13,Organic,0.0
2024-10-13,Direct,0.0
2024-10-14,Search,130.12
2024-10-14,Paid Social,122.15
2024-10-14,Email,6.36
2024-10-14,Organic,0.0
2024-10-14,Direct,0.0
2024-10-15,Search,56.85
2024-10-15,Paid Social,229.8
2024-10-15,Email,13.91
2024-10-15,Organic,0.0
2024-10-15,Direct,0.0
2024-10-16,Search,72.98
2024-10-16,Paid Social,161.9
2024-10-16,Email,8.47
2024-10-16,Organic,0.0
2024-10-16,Direct,0.0
2024-10-17,Search,73.04
2024-10-17,Paid Social,158.65
2024-10-17,Email,13.52
2024-10-17,Organic,0.0
2024-10-17,Direct,0.0
2024-10-18,Search,101.95
2024-10-18,Paid Social,218.79
2024-10-18,Email,12.94
2024-10-18,Organic,0.0
2024-10-18,Direct,0.0
2024-10-19,Search,142.98
2024-10-19,Paid Social,92.38
2024-10-19,Email,18.72
2024-10-19,Organic,0.0
2024-10-19,Direct,0.0
2024-10-20,Search,147.31
2024-10-20,Paid Social,86.94
2024-10-20,Email,7.11
2024-10-20,Organic,0.0
2024-10-20,Direct,0.0
2024-10-21,Search,73.24
2024-10-21,Paid Social,159.74
2024-10-21,Email,10.99
2024-10-21,Organic,0.0
2024-10-21,Direct,0.0
2024-10-22,Search,139.65
2024-10-22,Paid Social,206.07
2024-10-22,Email,5.1
2024-10-22,Organic,0.0
2024-10-22,Direct,0.0
2024-10-23,Search,124.12
2024-10-23,Paid Social,162.3
2024-10-23,Email,15.11
2024-10-23,Organic,0.0
2024-10-23,Direct,0.0
2024-10-24,Search,95.89
2024-10-24,Paid Social,152.57
2024-10-24,Email,7.36
2024-10-24,Organic,0.0
2024-10-24,Direct,0.0
2024-10-25,Search,96.06
2024-10-25,Paid Social,157.65
2024-10-25,Email,5.52
2024-10-25,Organic,0.0
2024-10-25,Direct,0.0
2024-10-26,Search,138.42
2024-10-26,Paid Social,170.08
2024-10-26,Email,10.52
2024-10-26,Organic,0.0
2024-10-26,Direct,0.0
2024-10-27,Search,87.31
2024-10-27,Paid Social,223.16
2024-10-27,Email,16.53
2024-10-27,Organic,0.0
2024-10-27,Direct,0.0
2024-10-28,Search,111.77
2024-10-28,Paid Social,91.16
2024-10-28,Email,18.73
2024-10-28,Organic,0.0
2024-10-28,Direct,0.0
2024-10-29,Search,82.26
2024-10-29,Paid Social,132.42
2024-10-29,Email,6.02
2024-10-29,Organic,0.0
2024-10-29,Direct,0.0
2024-10-30,Search,62.25
2024-10-30,Paid Social,201.56
2024-10-30,Email,14.41
2024-10-30,Organic,0.0
2024-10-30,Direct,0.0
2024-10-31,Search,76.12
2024-10-31,Paid Social,171.32
2024-10-31,Email,14.66
2024-10-31,Organic,0.0
2024-10-31,Direct,0.0
2024-11-01,Search,196.29
2024-11-01,Paid Social,150.98
2024-11-01,Email,20.61
2024-11-01,Organic,0.0
2024-11-01,Direct,0.0
2024-11-02,Search,112.91
2024-11-02,Paid Social,361.09
2024-11-02,Email,22.61
2024-11-02,Organic,0.0
2024-11-02,Direct,0.0
2024-11-03,Search,105.78
2024-11-03,Paid Social,185.16
2024-11-03,Email,11.45
2024-11-03,Organic,0.0
2024-11-03,Direct,0.0
2024-11-04,Search,182.66
2024-11-04,Paid Social,286.41
2024-11-04,Email,28.96
2024-11-04,Organic,0.0
2024-11-04,Direct,0.0
2024-11-05,Search,193.94
2024-11-05,Paid Social,353.16
2024-11-05,Email,7.71
2024-11-05,Organic,0.0
2024-11-05,Direct,0.0
2024-11-06,Search,153.75
2024-11-06,Paid Social,158.82
2024-11-06,Email,25.84
2024-11-06,Organic,0.0
2024-11-06,Direct,0.0
2024-11-07,Search,141.56
2024-11-07,Paid Social,374.14
2024-11-07,Email,27.57
2024-11-07,Organic,0.0
2024-11-07,Direct,0.0
2024-11-08,Search,174.66
2024-11-08,Paid Social,189.73
2024-11-08,Email,14.82
2024-11-08,Organic,0.0
2024-11-08,Direct,0.0
2024-11-09,Search,87.03
2024-11-09,Paid Social,273.47
2024-11-09,Email,21.69
2024-11-09,Organic,0.0
2024-11-09,Direct,0.0
2024-11-10,Search,192.92
2024-11-10,Paid Social,310.97
2024-11-10,Email,17.25
2024-11-10,Organic,0.0
2024-11-10,Direct,0.0
2024-11-11,Search,176.13
2024-11-11,Paid Social,221.2
2024-11-11,Email,7.75
2024-11-11,Organic,0.0
2024-11-11,Direct,0.0
2024-11-12,Search,186.82
2024-11-12,Paid Social,293.52
2024-11-12,Email,26.05
2024-11-12,Organic,0.0
2024-11-12,Direct,0.0
2024-11-13,Search,125.81
2024-11-13,Paid Social,247.35
2024-11-13,Email,18.66
2024-11-13,Organic,0.0
2024-11-13,Direct,0.0
2024-11-14,Search,149.76
2024-11-14,Paid Social,180.23
2024-11-14,Email,19.0
2024-11-14,Organic,0.0
2024-11-14,Direct,0.0
2024-11-15,Search,223.14
2024-11-15,Paid Social,150.18
2024-11-15,Email,17.62
2024-11-15,Organic,0.0
2024-11-15,Direct,0.0
2024-11-16,Search,140.23
2024-11-16,Paid Social,177.3
2024-11-16,Email,11.77
2024-11-16,Organic,0.0
2024-11-16,Direct,0.0
2024-11-17,Search,116.31
2024-11-17,Paid Social,253.63
2024-11-17,Email,25.68
2024-11-17,Organic,0.0
2024-11-17,Direct,0.0
2024-11-18,Search,182.46
2024-11-18,Paid Social,122.94
2024-11-18,Email,28.21
2024-11-18,Organic,0.0
2024-11-18,Direct,0.0
2024-11-19,Search,215.38
2024-11-19,Paid Social,322.25
2024-11-19,Email,10.9
2024-11-19,Organic,0.0
2024-11-19,Direct,0.0
2024-11-20,Search,221.17
2024-11-20,Paid Social,252.66
2024-11-20,Email,27.08
2024-11-20,Organic,0.0
2024-11-20,Direct,0.0
2024-11-21,Search,147.05
2024-11-21,Paid Social,319.14
2024-11-21,Email,13.9
2024-11-21,Organic,0.0
2024-11-21,Direct,0.0
2024-11-22,Search,162.09
2024-11-22,Paid Social,371.5
2024-11-22,Email,9.52
2024-11-22,Organic,0.0
2024-11-22,Direct,0.0
2024-11-23,Search,158.97
2024-11-23,Paid Social,142.66
2024-11-23,Email,29.3
2024-11-23,Organic,0.0
2024-11-23,Direct,0.0
2024-11-24,Search,207.58
2024-11-24,Paid Social,297.44
2024-11-24,Email,22.75
2024-11-24,Organic,0.0
2024-11-24,Direct,0.0
2024-11-25,Search,86.0
2024-11-25,Paid Social,193.31
2024-11-25,Email,10.08
2024-11-25,Organic,0.0
2024-11-25,Direct,0.0
2024-11-26,Search,167.19
2024-11-26,Paid Social,245.83
2024-11-26,Email,21.72
2024-11-26,Organic,0.0
2024-11-26,Direct,0.0
2024-11-27,Search,210.57
2024-11-27,Paid Social,207.0
2024-11-27,Email,20.98
2024-11-27,Organic,0.0
2024-11-27,Direct,0.0
2024-11-28,Search,131.5
2024-11-28,Paid Social,332.12
2024-11-28,Email,27.13
2024-11-28,Organic,0.0
2024-11-28,Direct,0.0
2024-11-29,Search,110.81
2024-11-29,Paid Social,126.38
2024-11-29,Email,23.13
2024-11-29,Organic,0.0
2024-11-29,Direct,0.0
2024-11-30,Search,138.87
2024-11-30,Paid Social,336.78
2024-11-30,Email,28.76
2024-11-30,Organic,0.0
2024-11-30,Direct,0.0
2024-12-01,Search,77.05
2024-12-01,Paid Social,242.08
2024-12-01,Email,13.62
2024-12-01,Organic,0.0
2024-12-01,Direct,0.0
2024-12-02,Search,152.64
2024-12-02,Paid Social,367.29
2024-12-02,Email,29.98
2024-12-02,Organic,0.0
2024-12-02,Direct,0.0
2024-12-03,Search,99.59
2024-12-03,Paid Social,201.63
2024-12-03,Email,13.54
2024-12-03,Organic,0.0
2024-12-03,Direct,0.0
2024-12-04,Search,136.37
2024-12-04,Paid Social,353.64
2024-12-04,Email,17.94
2024-12-04,Organic,0.0
2024-12-04,Direct,0.0
2024-12-05,Search,164.93
2024-12-05,Paid Social,135.88
2024-12-05,Email,23.58
2024-12-05,Organic,0.0
2024-12-05,Direct,0.0
2024-12-06,Search,220.6
2024-12-06,Paid Social,324.3
2024-12-06,Email,26.07
2024-12-06,Organic,0.0
2024-12-06,Direct,0.0
2024-12-07,Search,148.14
2024-12-07,Paid Social,170.69
2024-12-07,Email,20.55
2024-12-07,Organic,0.0
2024-12-07,Direct,0.0
2024-12-08,Search,190.56
2024-12-08,Paid Social,242.22
2024-12-08,Email,11.83
2024-12-08,Organic,0.0
2024-12-08,Direct,0.0
2024-12-09,Search,155.02
2024-12-09,Paid Social,263.85
2024-12-09,Email,12.09
2024-12-09,Organic,0.0
2024-12-09,Direct,0.0
2024-12-10,Search,183.88
2024-12-10,Paid Social,365.75
2024-12-10,Email,14.91
2024-12-10,Organic,0.0
2024-12-10,Direct,0.0
2024-12-11,Search,165.38
2024-12-11,Paid Social,349.05
2024-12-11,Email,26.07
2024-12-11,Organic,0.0
2024-12-11,Direct,0.0
2024-12-12,Search,129.19
2024-12-12,Paid Social,358.81
2024-12-12,Email,29.37
2024-12-12,Organic,0.0
2024-12-12,Direct,0.0
2024-12-13,Search,110.35
2024-12-13,Paid Social,177.73
2024-12-13,Email,27.83
2024-12-13,Organic,0.0
2024-12-13,Direct,0.0
2024-12-14,Search,214.95
2024-12-14,Paid Social,309.42
2024-12-14,Email,15.88
2024-12-14,Organic,0.0
2024-12-14,Direct,0.0
2024-12-15,Search,115.26
2024-12-15,Paid Social,154.02
2024-12-15,Email,11.62
2024-12-15,Organic,0.0
2024-12-15,Direct,0.0
2024-12-16,Search,137.3
2024-12-16,Paid Social,175.95
2024-12-16,Email,15.51
2024-12-16,Organic,0.0
2024-12-16,Direct,0.0
2024-12-17,Search,137.76
2024-12-17,Paid Social,246.56
2024-12-17,Email,19.12
2024-12-17,Organic,0.0
2024-12-17,Direct,0.0
2024-12-18,Search,104.27
2024-12-18,Paid Social,356.83
2024-12-18,Email,25.77
2024-12-18,Organic,0.0
2024-12-18,Direct,0.0
2024-12-19,Search,146.04
2024-12-19,Paid Social,323.16
2024-12-19,Email,24.6
2024-12-19,Organic,0.0
2024-12-19,Direct,0.0
2024-12-20,Search,121.2
2024-12-20,Paid Social,355.62
2024-12-20,Email,29.94
2024-12-20,Organic,0.0
2024-12-20,Direct,0.0
2024-12-21,Search,203.42
2024-12-21,Paid Social,248.02
2024-12-21,Email,19.84
2024-12-21,Organic,0.0
2024-12-21,Direct,0.0
2024-12-22,Search,115.95
2024-12-22,Paid Social,238.67
2024-12-22,Email,10.0
2024-12-22,Organic,0.0
2024-12-22,Direct,0.0
2024-12-23,Search,131.38
2024-12-23,Paid Social,279.25
2024-12-23,Email,14.62
2024-12-23,Organic,0.0
2024-12-23,Direct,0.0
2024-12-24,Search,117.28
2024-12-24,Paid Social,210.58
2024-12-24,Email,24.02
2024-12-24,Organic,0.0
2024-12-24,Direct,0.0
2024-12-25,Search,193.45
2024-12-25,Paid Social,339.01
2024-12-25,Email,11.14
2024-12-25,Organic,0.0
2024-12-25,Direct,0.0
2024-12-26,Search,114.12
2024-12-26,Paid Social,342.74
2024-12-26,Email,28.76
2024-12-26,Organic,0.0
2024-12-26,Direct,0.0
2024-12-27,Search,148.03
2024-12-27,Paid Social,358.56
2024-12-27,Email,16.53
2024-12-27,Organic,0.0
2024-12-27,Direct,0.0
2024-12-28,Search,186.18
2024-12-28,Paid Social,296.89
2024-12-28,Email,28.42
2024-12-28,Organic,0.0
2024-12-28,Direct,0.0
2024-12-29,Search,120.93
2024-12-29,Paid Social,226.55
2024-12-29,Email,19.16
2024-12-29,Organic,0.0
2024-12-29,Direct,0.0
2024-12-30,Search,164.1
2024-12-30,Paid Social,305.55
2024-12-30,Email,10.86
2024-12-30,Organic,0.0
2024-12-30,Direct,0.0
2024-12-31,Search,107.52
2024-12-31,Paid Social,251.37
2024-12-31,Email,16.42
2024-12-31,Organic,0.0
2024-12-31,Direct,0.0
2025-01-01,Search,73.22
2025-01-01,Paid Social,227.62
2025-01-01,Email,19.23
2025-01-01,Organic,0.0
2025-01-01,Direct,0.0
2025-01-02,Search,53.01
2025-01-02,Paid Social,96.67
2025-01-02,Email,15.03
2025-01-02,Organic,0.0
2025-01-02,Direct,0.0
2025-01-03,Search,104.09
2025-01-03,Paid Social,109.73
2025-01-03,Email,14.76
2025-01-03,Organic,0.0
2025-01-03,Direct,0.0
2025-01-04,Search,106.77
2025-01-04,Paid Social,203.58
2025-01-04,Email,15.93
2025-01-04,Organic,0.0
2025-01-04,Direct,0.0
2025-01-05,Search,142.02
2025-01-05,Paid Social,86.08
2025-01-05,Email,5.44
2025-01-05,Organic,0.0
2025-01-05,Direct,0.0
2025-01-06,Search,85.39
2025-01-06,Paid Social,152.77
2025-01-06,Email,14.7
2025-01-06,Organic,0.0
2025-01-06,Direct,0.0
2025-01-07,Search,94.74
2025-01-07,Paid Social,220.44
2025-01-07,Email,14.98
2025-01-07,Organic,0.0
2025-01-07,Direct,0.0
2025-01-08,Search,103.69
2025-01-08,Paid Social,193.39
2025-01-08,Email,11.12
2025-01-08,Organic,0.0
2025-01-08,Direct,0.0
2025-01-09,Search,54.77
2025-01-09,Paid Social,172.66
2025-01-09,Email,11.44
2025-01-09,Organic,0.0
2025-01-09,Direct,0.0
2025-01-10,Search,108.16
2025-01-10,Paid Social,230.32
2025-01-10,Email,8.66
2025-01-10,Organic,0.0
2025-01-10,Direct,0.0
2025-01-11,Search,132.81
2025-01-11,Paid Social,203.81
2025-01-11,Email,17.7
2025-01-11,Organic,0.0
2025-01-11,Direct,0.0
2025-01-12,Search,145.41
2025-01-12,Paid Social,224.05
2025-01-12,Email,15.16
2025-01-12,Organic,0.0
2025-01-12,Direct,0.0
2025-01-13,Search,147.61
2025-01-13,Paid Social,197.34
2025-01-13,Email,13.89
2025-01-13,Organic,0.0
2025-01-13,Direct,0.0
2025-01-14,Search,144.58
2025-01-14,Paid Social,85.45
2025-01-14,Email,19.48
2025-01-14,Organic,0.0
2025-01-14,Direct,0.0
2025-01-15,Search,124.51
2025-01-15,Paid Social,92.8
2025-01-15,Email,17.29
2025-01-15,Organic,0.0
2025-01-15,Direct,0.0
2025-01-16,Search,54.64
2025-01-16,Paid Social,189.49
2025-01-16,Email,18.62
2025-01-16,Organic,0.0
2025-01-16,Direct,0.0
2025-01-17,Search,74.13
2025-01-17,Paid Social,86.09
2025-01-17,Email,17.11
2025-01-17,Organic,0.0
2025-01-17,Direct,0.0
2025-01-18,Search,101.26
2025-01-18,Paid Social,169.92
2025-01-18,Email,13.81
2025-01-18,Organic,0.0
2025-01-18,Direct,0.0
2025-01-19,Search,133.14
2025-01-19,Paid Social,90.87
2025-01-19,Email,8.36
2025-01-19,Organic,0.0
2025-01-19,Direct,0.0
2025-01-20,Search,66.5
2025-01-20,Paid Social,169.48
2025-01-20,Email,10.32
2025-01-20,Organic,0.0
2025-01-20,Direct,0.0
2025-01-21,Search,135.73
2025-01-21,Paid Social,234.93
2025-01-21,Email,17.32
2025-01-21,Organic,0.0
2025-01-21,Direct,0.0
2025-01-22,Search,73.02
2025-01-22,Paid Social,149.3
2025-01-22,Email,17.73
2025-01-22,Organic,0.0
2025-01-22,Direct,0.0
2025-01-23,Search,116.36
2025-01-23,Paid Social,242.21
2025-01-23,Email,18.15
2025-01-23,Organic,0.0
2025-01-23,Direct,0.0
2025-01-24,Search,72.31
2025-01-24,Paid Social,104.96
2025-01-24,Email,18.49
2025-01-24,Organic,0.0
2025-01-24,Direct,0.0
2025-01-25,Search,128.76
2025-01-25,Paid Social,164.63
2025-01-25,Email,13.61
2025-01-25,Organic,0.0
2025-01-25,Direct,0.0
2025-01-26,Search,63.38
2025-01-26,Paid Social,231.3
2025-01-26,Email,6.77
2025-01-26,Organic,0.0
2025-01-26,Direct,0.0
2025-01-27,Search,105.81
2025-01-27,Paid Social,242.83
2025-01-27,Email,13.61
2025-01-27,Organic,0.0
2025-01-27,Direct,0.0
2025-01-28,Search,74.79
2025-01-28,Paid Social,218.16
2025-01-28,Email,9.84
2025-01-28,Organic,0.0
2025-01-28,Direct,0.0
2025-01-29,Search,52.03
2025-01-29,Paid Social,157.07
2025-01-29,Email,14.16
2025-01-29,Organic,0.0
2025-01-29,Direct,0.0
2025-01-30,Search,85.16
2025-01-30,Paid Social,188.98
2025-01-30,Email,6.31
2025-01-30,Organic,0.0
2025-01-30,Direct,0.0
2025-01-31,Search,95.98
2025-01-31,Paid Social,227.43
2025-01-31,Email,13.62
2025-01-31,Organic,0.0
2025-01-31,Direct,0.0
2025-02-01,Search,116.77
2025-02-01,Paid Social,200.39
2025-02-01,Email,10.65
2025-02-01,Organic,0.0
2025-02-01,Direct,0.0
2025-02-02,Search,74.32
2025-02-02,Paid Social,233.43
2025-02-02,Email,5.53
2025-02-02,Organic,0.0
2025-02-02,Direct,0.0
2025-02-03,Search,75.56
2025-02-03,Paid Social,178.04
2025-02-03,Email,18.69
2025-02-03,Organic,0.0
2025-02-03,Direct,0.0
2025-02-04,Search,146.65
2025-02-04,Paid Social,148.68
2025-02-04,Email,12.73
2025-02-04,Organic,0.0
2025-02-04,Direct,0.0
2025-02-05,Search,83.68
2025-02-05,Paid Social,125.21
2025-02-05,Email,8.92
2025-02-05,Organic,0.0
2025-02-05,Direct,0.0
2025-02-06,Search,114.32
2025-02-06,Paid Social,215.77
2025-02-06,Email,17.43
2025-02-06,Organic,0.0
2025-02-06,Direct,0.0
2025-02-07,Search,82.49
2025-02-07,Paid Social,106.45
2025-02-07,Email,9.86
2025-02-07,Organic,0.0
2025-02-07,Direct,0.0
2025-02-08,Search,90.29
2025-02-08,Paid Social,114.99
2025-02-08,Email,17.98
2025-02-08,Organic,0.0
2025-02-08,Direct,0.0
2025-02-09,Search,97.68
2025-02-09,Paid Social,122.21
2025-02-09,Email,19.06
2025-02-09,Organic,0.0
2025-02-09,Direct,0.0
2025-02-10,Search,54.18
2025-02-10,Paid Social,203.85
2025-02-10,Email,9.09
2025-02-10,Organic,0.0
2025-02-10,Direct,0.0
2025-02-11,Search,59.91
2025-02-11,Paid Social,193.49
2025-02-11,Email,17.18
2025-02-11,Organic,0.0
2025-02-11,Direct,0.0
2025-02-12,Search,65.16
2025-02-12,Paid Social,128.35
2025-02-12,Email,14.78
2025-02-12,Organic,0.0
2025-02-12,Direct,0.0
2025-02-13,Search,86.6
2025-02-13,Paid Social,206.63
2025-02-13,Email,17.47
2025-02-13,Organic,0.0
2025-02-13,Direct,0.0
2025-02-14,Search,148.18
2025-02-14,Paid Social,234.5
2025-02-14,Email,14.5
2025-02-14,Organic,0.0
2025-02-14,Direct,0.0
2025-02-15,Search,130.75
2025-02-15,Paid Social,216.64
2025-02-15,Email,13.89
2025-02-15,Organic,0.0
2025-02-15,Direct,0.0
2025-02-16,Search,51.19
2025-02-16,Paid Social,80.66
2025-02-16,Email,6.35
2025-02-16,Organic,0.0
2025-02-16,Direct,0.0
2025-02-17,Search,108.77
2025-02-17,Paid Social,102.81
2025-02-17,Email,12.32
2025-02-17,Organic,0.0
2025-02-17,Direct,0.0
2025-02-18,Search,122.25
2025-02-18,Paid Social,97.36
2025-02-18,Email,12.43
2025-02-18,Organic,0.0
2025-02-18,Direct,0.0
2025-02-19,Search,115.66
2025-02-19,Paid Social,96.61
2025-02-19,Email,10.8
2025-02-19,Organic,0.0
2025-02-19,Direct,0.0
2025-02-20,Search,91.61
2025-02-20,Paid Social,150.99
2025-02-20,Email,8.55
2025-02-20,Organic,0.0
2025-02-20,Direct,0.0
2025-02-21,Search,54.44
2025-02-21,Paid Social,86.33
2025-02-21,Email,8.91
2025-02-21,Organic,0.0
2025-02-21,Direct,0.0
2025-02-22,Search,119.03
2025-02-22,Paid Social,188.84
2025-02-22,Email,12.12
2025-02-22,Organic,0.0
2025-02-22,Direct,0.0
2025-02-23,Search,126.55
2025-02-23,Paid Social,157.51
2025-02-23,Email,10.51
2025-02-23,Organic,0.0
2025-02-23,Direct,0.0
2025-02-24,Search,75.52
2025-02-24,Paid Social,143.54
2025-02-24,Email,8.59
2025-02-24,Organic,0.0
2025-02-24,Direct,0.0
2025-02-25,Search,82.12
2025-02-25,Paid Social,206.16
2025-02-25,Email,11.42
2025-02-25,Organic,0.0
2025-02-25,Direct,0.0
2025-02-26,Search,66.54
2025-02-26,Paid Social,105.9
2025-02-26,Email,13.03
2025-02-26,Organic,0.0
2025-02-26,Direct,0.0
2025-02-27,Search,120.9
2025-02-27,Paid Social,157.89
2025-02-27,Email,18.86
2025-02-27,Organic,0.0
2025-02-27,Direct,0.0
2025-02-28,Search,88.7
2025-02-28,Paid Social,89.59
2025-02-28,Email,12.3
2025-02-28,Organic,0.0
2025-02-28,Direct,0.0
2025-03-01,Search,128.23
2025-03-01,Paid Social,233.34
2025-03-01,Email,13.66
2025-03-01,Organic,0.0
2025-03-01,Direct,0.0
2025-03-02,Search,107.55
2025-03-02,Paid Social,235.4
2025-03-02,Email,6.37
2025-03-02,Organic,0.0
2025-03-02,Direct,0.0
2025-03-03,Search,65.41
2025-03-03,Paid Social,98.34
2025-03-03,Email,8.4
2025-03-03,Organic,0.0
2025-03-03,Direct,0.0
2025-03-04,Search,105.49
2025-03-04,Paid Social,142.69
2025-03-04,Email,9.46
2025-03-04,Organic,0.0
2025-03-04,Direct,0.0
2025-03-05,Search,104.41
2025-03-05,Paid Social,227.62
2025-03-05,Email,14.33
2025-03-05,Organic,0.0
2025-03-05,Direct,0.0
2025-03-06,Search,141.85
2025-03-06,Paid Social,89.64
2025-03-06,Email,9.66
2025-03-06,Organic,0.0
2025-03-06,Direct,0.0
2025-03-07,Search,100.96
2025-03-07,Paid Social,182.92
2025-03-07,Email,11.02
2025-03-07,Organic,0.0
2025-03-07,Direct,0.0
2025-03-08,Search,93.47
2025-03-08,Paid Social,173.85
2025-03-08,Email,10.8
2025-03-08,Organic,0.0
2025-03-08,Direct,0.0
2025-03-09,Search,86.89
2025-03-09,Paid Social,193.96
2025-03-09,Email,13.96
2025-03-09,Organic,0.0
2025-03-09,Direct,0.0
2025-03-10,Search,81.39
2025-03-10,Paid Social,144.23
2025-03-10,Email,15.52
2025-03-10,Organic,0.0
2025-03-10,Direct,0.0
2025-03-11,Search,106.61
2025-03-11,Paid Social,159.36
2025-03-11,Email,11.94
2025-03-11,Organic,0.0
2025-03-11,Direct,0.0
2025-03-12,Search,86.86
2025-03-12,Paid Social,235.39
2025-03-12,Email,16.45
2025-03-12,Organic,0.0
2025-03-12,Direct,0.0
2025-03-13,Search,66.04
2025-03-13,Paid Social,129.59
2025-03-13,Email,5.68
2025-03-13,Organic,0.0
2025-03-13,Direct,0.0
2025-03-14,Search,58.19
2025-03-14,Paid Social,198.61
2025-03-14,Email,7.0
2025-03-14,Organic,0.0
2025-03-14,Direct,0.0
2025-03-15,Search,111.24
2025-03-15,Paid Social,229.99
2025-03-15,Email,5.38
2025-03-15,Organic,0.0
2025-03-15,Direct,0.0
2025-03-16,Search,58.95
2025-03-16,Paid Social,84.36
2025-03-16,Email,11.46
2025-03-16,Organic,0.0
2025-03-16,Direct,0.0
2025-03-17,Search,109.36
2025-03-17,Paid Social,217.76
2025-03-17,Email,7.56
2025-03-17,Organic,0.0
2025-03-17,Direct,0.0
2025-03-18,Search,59.82
2025-03-18,Paid Social,206.73
2025-03-18,Email,11.89
2025-03-18,Organic,0.0
2025-03-18,Direct,0.0
2025-03-19,Search,127.7
2025-03-19,Paid Social,87.16
2025-03-19,Email,9.51
2025-03-19,Organic,0.0
2025-03-19,Direct,0.0
2025-03-20,Search,75.58
2025-03-20,Paid Social,111.86
2025-03-20,Email,12.77
2025-03-20,Organic,0.0
2025-03-20,Direct,0.0
2025-03-21,Search,63.74
2025-03-21,Paid Social,244.04
2025-03-21,Email,19.95
2025-03-21,Organic,0.0
2025-03-21,Direct,0.0
2025-03-22,Search,117.32
2025-03-22,Paid Social,173.08
2025-03-22,Email,10.39
2025-03-22,Organic,0.0
2025-03-22,Direct,0.0
2025-03-23,Search,95.56
2025-03-23,Paid Social,167.05
2025-03-23,Email,8.17
2025-03-23,Organic,0.0
2025-03-23,Direct,0.0
2025-03-24,Search,61.04
2025-03-24,Paid Social,201.59
2025-03-24,Email,19.4
2025-03-24,Organic,0.0
2025-03-24,Direct,0.0
2025-03-25,Search,64.91
2025-03-25,Paid Social,86.71
2025-03-25,Email,15.54
2025-03-25,Organic,0.0
2025-03-25,Direct,0.0
2025-03-26,Search,72.59
2025-03-26,Paid Social,163.81
2025-03-26,Email,14.56
2025-03-26,Organic,0.0
2025-03-26,Direct,0.0
2025-03-27,Search,89.02
2025-03-27,Paid Social,91.68
2025-03-27,Email,11.67
2025-03-27,Organic,0.0
2025-03-27,Direct,0.0
2025-03-28,Search,75.41
2025-03-28,Paid Social,164.55
2025-03-28,Email,18.65
2025-03-28,Organic,0.0
2025-03-28,Direct,0.0
2025-03-29,Search,109.23
2025-03-29,Paid Social,115.51
2025-03-29,Email,18.0
2025-03-29,Organic,0.0
2025-03-29,Direct,0.0
2025-03-30,Search,118.27
2025-03-30,Paid Social,234.31
2025-03-30,Email,7.45
2025-03-30,Organic,0.0
2025-03-30,Direct,0.0
2025-03-31,Search,103.35
2025-03-31,Paid Social,227.6
2025-03-31,Email,17.13
2025-03-31,Organic,0.0
2025-03-31,Direct,0.0
2025-04-01,Search,82.36
2025-04-01,Paid Social,205.27
2025-04-01,Email,13.56
2025-04-01,Organic,0.0
2025-04-01,Direct,0.0
2025-04-02,Search,61.99
2025-04-02,Paid Social,125.94
2025-04-02,Email,19.54
2025-04-02,Organic,0.0
2025-04-02,Direct,0.0
2025-04-03,Search,74.81
2025-04-03,Paid Social,238.03
2025-04-03,Email,9.33
2025-04-03,Organic,0.0
2025-04-03,Direct,0.0
2025-04-04,Search,104.76
2025-04-04,Paid Social,101.62
2025-04-04,Email,9.3
2025-04-04,Organic,0.0
2025-04-04,Direct,0.0
2025-04-05,Search,50.23
2025-04-05,Paid Social,171.9
2025-04-05,Email,9.41
2025-04-05,Organic,0.0
2025-04-05,Direct,0.0
2025-04-06,Search,125.68
2025-04-06,Paid Social,204.2
2025-04-06,Email,11.39
2025-04-06,Organic,0.0
2025-04-06,Direct,0.0
2025-04-07,Search,76.31
2025-04-07,Paid Social,100.2
2025-04-07,Email,19.14
2025-04-07,Organic,0.0
2025-04-07,Direct,0.0
2025-04-08,Search,80.03
2025-04-08,Paid Social,106.22
2025-04-08,Email,16.2
2025-04-08,Organic,0.0
2025-04-08,Direct,0.0
2025-04-09,Search,138.56
2025-04-09,Paid Social,88.47
2025-04-09,Email,18.0
2025-04-09,Organic,0.0
2025-04-09,Direct,0.0
2025-04-10,Search,88.17
2025-04-10,Paid Social,112.66
2025-04-10,Email,16.72
2025-04-10,Organic,0.0
2025-04-10,Direct,0.0
2025-04-11,Search,83.2
2025-04-11,Paid Social,162.58
2025-04-11,Email,15.24
2025-04-11,Organic,0.0
2025-04-11,Direct,0.0
2025-04-12,Search,60.09
2025-04-12,Paid Social,242.58
2025-04-12,Email,19.36
2025-04-12,Organic,0.0
2025-04-12,Direct,0.0
2025-04-13,Search,102.92
2025-04-13,Paid Social,80.17
2025-04-13,Email,11.42
2025-04-13,Organic,0.0
2025-04-13,Direct,0.0
2025-04-14,Search,107.28
2025-04-14,Paid Social,168.5
2025-04-14,Email,9.98
2025-04-14,Organic,0.0
2025-04-14,Direct,0.0
2025-04-15,Search,84.72
2025-04-15,Paid Social,186.67
2025-04-15,Email,18.46
2025-04-15,Organic,0.0
2025-04-15,Direct,0.0
2025-04-16,Search,116.03
2025-04-16,Paid Social,110.75
2025-04-16,Email,18.71
2025-04-16,Organic,0.0
2025-04-16,Direct,0.0
2025-04-17,Search,88.9
2025-04-17,Paid Social,120.62
2025-04-17,Email,5.69
2025-04-17,Organic,0.0
2025-04-17,Direct,0.0
2025-04-18,Search,136.64
2025-04-18,Paid Social,123.22
2025-04-18,Email,11.16
2025-04-18,Organic,0.0
2025-04-18,Direct,0.0
2025-04-19,Search,100.24
2025-04-19,Paid Social,90.46
2025-04-19,Email,13.29
2025-04-19,Organic,0.0
2025-04-19,Direct,0.0
2025-04-20,Search,144.72
2025-04-20,Paid Social,147.39
2025-04-20,Email,8.53
2025-04-20,Organic,0.0
2025-04-20,Direct,0.0
2025-04-21,Search,81.28
2025-04-21,Paid Social,140.42
2025-04-21,Email,17.36
2025-04-21,Organic,0.0
2025-04-21,Direct,0.0
2025-04-22,Search,73.72
2025-04-22,Paid Social,132.36
2025-04-22,Email,5.45
2025-04-22,Organic,0.0
2025-04-22,Direct,0.0
2025-04-23,Search,95.78
2025-04-23,Paid Social,141.67
2025-04-23,Email,14.52
2025-04-23,Organic,0.0
2025-04-23,Direct,0.0
2025-04-24,Search,117.66
2025-04-24,Paid Social,101.16
2025-04-24,Email,9.14
2025-04-24,Organic,0.0
2025-04-24,Direct,0.0
2025-04-25,Search,138.54
2025-04-25,Paid Social,180.21
2025-04-25,Email,5.31
2025-04-25,Organic,0.0
2025-04-25,Direct,0.0
2025-04-26,Search,112.97
2025-04-26,Paid Social,152.73
2025-04-26,Email,8.67
2025-04-26,Organic,0.0
2025-04-26,Direct,0.0
2025-04-27,Search,104.39
2025-04-27,Paid Social,130.86
2025-04-27,Email,7.32
2025-04-27,Organic,0.0
2025-04-27,Direct,0.0
2025-04-28,Search,60.26
2025-04-28,Paid Social,84.9
2025-04-28,Email,10.19
2025-04-28,Organic,0.0
2025-04-28,Direct,0.0
2025-04-29,Search,125.23
2025-04-29,Paid Social,168.32
2025-04-29,Email,14.42
2025-04-29,Organic,0.0
2025-04-29,Direct,0.0
2025-04-30,Search,133.38
2025-04-30,Paid Social,212.39
2025-04-30,Email,9.32
2025-04-30,Organic,0.0
2025-04-30,Direct,0.0
2025-05-01,Search,52.63
2025-05-01,Paid Social,141.11
2025-05-01,Email,18.6
2025-05-01,Organic,0.0
2025-05-01,Direct,0.0
2025-05-02,Search,113.47
2025-05-02,Paid Social,116.2
2025-05-02,Email,14.3
2025-05-02,Organic,0.0
2025-05-02,Direct,0.0
2025-05-03,Search,91.08
2025-05-03,Paid Social,154.29
2025-05-03,Email,18.87
2025-05-03,Organic,0.0
2025-05-03,Direct,0.0
2025-05-04,Search,80.99
2025-05-04,Paid Social,101.13
2025-05-04,Email,10.64
2025-05-04,Organic,0.0
2025-05-04,Direct,0.0
2025-05-05,Search,55.39
2025-05-05,Paid Social,206.21
2025-05-05,Email,12.39
2025-05-05,Organic,0.0
2025-05-05,Direct,0.0
2025-05-06,Search,146.33
2025-05-06,Paid Social,224.46
2025-05-06,Email,13.62
2025-05-06,Organic,0.0
2025-05-06,Direct,0.0
2025-05-07,Search,76.09
2025-05-07,Paid Social,137.19
2025-05-07,Email,9.44
2025-05-07,Organic,0.0
2025-05-07,Direct,0.0
2025-05-08,Search,91.63
2025-05-08,Paid Social,111.65
2025-05-08,Email,8.33
2025-05-08,Organic,0.0
2025-05-08,Direct,0.0
2025-05-09,Search,58.06
2025-05-09,Paid Social,247.88
2025-05-09,Email,19.83
2025-05-09,Organic,0.0
2025-05-09,Direct,0.0
2025-05-10,Search,71.16
2025-05-10,Paid Social,198.67
2025-05-10,Email,15.29
2025-05-10,Organic,0.0
2025-05-10,Direct,0.0
2025-05-11,Search,121.84
2025-05-11,Paid Social,174.4
2025-05-11,Email,6.76
2025-05-11,Organic,0.0
2025-05-11,Direct,0.0
2025-05-12,Search,146.42
2025-05-12,Paid Social,86.92
2025-05-12,Email,13.14
2025-05-12,Organic,0.0
2025-05-12,Direct,0.0
2025-05-13,Search,97.13
2025-05-13,Paid Social,237.87
2025-05-13,Email,19.5
2025-05-13,Organic,0.0
2025-05-13,Direct,0.0
2025-05-14,Search,141.55
2025-05-14,Paid Social,84.44
2025-05-14,Email,5.5
2025-05-14,Organic,0.0
2025-05-14,Direct,0.0
2025-05-15,Search,94.61
2025-05-15,Paid Social,164.91
2025-05-15,Email,19.35
2025-05-15,Organic,0.0
2025-05-15,Direct,0.0
2025-05-16,Search,110.14
2025-05-16,Paid Social,219.7
2025-05-16,Email,6.41
2025-05-16,Organic,0.0
2025-05-16,Direct,0.0
2025-05-17,Search,107.14
2025-05-17,Paid Social,148.5
2025-05-17,Email,16.62
2025-05-17,Organic,0.0
2025-05-17,Direct,0.0
2025-05-18,Search,95.29
2025-05-18,Paid Social,81.85
2025-05-18,Email,18.88
2025-05-18,Organic,0.0
2025-05-18,Direct,0.0
2025-05-19,Search,136.22
2025-05-19,Paid Social,240.05
2025-05-19,Email,12.64
2025-05-19,Organic,0.0
2025-05-19,Direct,0.0
2025-05-20,Search,100.71
2025-05-20,Paid Social,238.26
2025-05-20,Email,17.34
2025-05-20,Organic,0.0
2025-05-20,Direct,0.0
2025-05-21,Search,143.81
2025-05-21,Paid Social,153.7
2025-05-21,Email,5.49
2025-05-21,Organic,0.0
2025-05-21,Direct,0.0
2025-05-22,Search,104.29
2025-05-22,Paid Social,118.28
2025-05-22,Email,12.99
2025-05-22,Organic,0.0
2025-05-22,Direct,0.0
2025-05-23,Search,116.38
2025-05-23,Paid Social,163.36
2025-05-23,Email,16.83
2025-05-23,Organic,0.0
2025-05-23,Direct,0.0
2025-05-24,Search,110.64
2025-05-24,Paid Social,87.58
2025-05-24,Email,17.67
2025-05-24,Organic,0.0
2025-05-24,Direct,0.0
2025-05-25,Search,76.94
2025-05-25,Paid Social,141.19
2025-05-25,Email,7.99
2025-05-25,Organic,0.0
2025-05-25,Direct,0.0
2025-05-26,Search,109.59
2025-05-26,Paid Social,127.5
2025-05-26,Email,19.45
2025-05-26,Organic,0.0
2025-05-26,Direct,0.0
2025-05-27,Search,101.67
2025-05-27,Paid Social,168.6
2025-05-27,Email,12.18
2025-05-27,Organic,0.0
2025-05-27,Direct,0.0
2025-05-28,Search,74.52
2025-05-28,Paid Social,228.87
2025-05-28,Email,8.72
2025-05-28,Organic,0.0
2025-05-28,Direct,0.0
2025-05-29,Search,81.66
2025-05-29,Paid Social,116.49
2025-05-29,Email,12.31
2025-05-29,Organic,0.0
2025-05-29,Direct,0.0
2025-05-30,Search,147.96
2025-05-30,Paid Social,202.68
2025-05-30,Email,5.19
2025-05-30,Organic,0.0
2025-05-30,Direct,0.0
2025-05-31,Search,131.92
2025-05-31,Paid Social,137.16
2025-05-31,Email,8.48
2025-05-31,Organic,0.0
2025-05-31,Direct,0.0
2025-06-01,Search,143.62
2025-06-01,Paid Social,168.6
2025-06-01,Email,13.57
2025-06-01,Organic,0.0
2025-06-01,Direct,0.0
2025-06-02,Search,65.28
2025-06-02,Paid Social,83.01
2025-06-02,Email,8.07
2025-06-02,Organic,0.0
2025-06-02,Direct,0.0
2025-06-03,Search,133.99
2025-06-03,Paid Social,86.0
2025-06-03,Email,5.16
2025-06-03,Organic,0.0
2025-06-03,Direct,0.0
2025-06-04,Search,141.28
2025-06-04,Paid Social,183.41
2025-06-04,Email,10.69
2025-06-04,Organic,0.0
2025-06-04,Direct,0.0
2025-06-05,Search,103.59
2025-06-05,Paid Social,233.88
2025-06-05,Email,10.98
2025-06-05,Organic,0.0
2025-06-05,Direct,0.0
2025-06-06,Search,134.52
2025-06-06,Paid Social,163.5
2025-06-06,Email,12.61
2025-06-06,Organic,0.0
2025-06-06,Direct,0.0
2025-06-07,Search,82.33
2025-06-07,Paid Social,141.91
2025-06-07,Email,10.31
2025-06-07,Organic,0.0
2025-06-07,Direct,0.0
2025-06-08,Search,84.56
2025-06-08,Paid Social,186.41
2025-06-08,Email,6.38
2025-06-08,Organic,0.0
2025-06-08,Direct,0.0
2025-06-09,Search,120.41
2025-06-09,Paid Social,232.79
2025-06-09,Email,17.72
2025-06-09,Organic,0.0
2025-06-09,Direct,0.0
2025-06-10,Search,142.5
2025-06-10,Paid Social,239.06
2025-06-10,Email,6.38
2025-06-10,Organic,0.0
2025-06-10,Direct,0.0
2025-06-11,Search,65.92
2025-06-11,Paid Social,214.53
2025-06-11,Email,7.08
2025-06-11,Organic,0.0
2025-06-11,Direct,0.0
2025-06-12,Search,80.57
2025-06-12,Paid Social,150.02
2025-06-12,Email,12.16
2025-06-12,Organic,0.0
2025-06-12,Direct,0.0
2025-06-13,Search,120.64
2025-06-13,Paid Social,220.63
2025-06-13,Email,14.44
2025-06-13,Organic,0.0
2025-06-13,Direct,0.0
2025-06-14,Search,119.91
2025-06-14,Paid Social,94.76
2025-06-14,Email,12.52
2025-06-14,Organic,0.0
2025-06-14,Direct,0.0
2025-06-15,Search,55.34
2025-06-15,Paid Social,230.84
2025-06-15,Email,14.66
2025-06-15,Organic,0.0
2025-06-15,Direct,0.0
2025-06-16,Search,89.3
2025-06-16,Paid Social,126.84
2025-06-16,Email,6.55
2025-06-16,Organic,0.0
2025-06-16,Direct,0.0
2025-06-17,Search,142.71
2025-06-17,Paid Social,191.58
2025-06-17,Email,12.15
2025-06-17,Organic,0.0
2025-06-17,Direct,0.0
2025-06-18,Search,134.48
2025-06-18,Paid Social,249.55
2025-06-18,Email,13.89
2025-06-18,Organic,0.0
2025-06-18,Direct,0.0
2025-06-19,Search,144.4
2025-06-19,Paid Social,125.21
2025-06-19,Email,10.58
2025-06-19,Organic,0.0
2025-06-19,Direct,0.0
2025-06-20,Search,99.17
2025-06-20,Paid Social,206.58
2025-06-20,Email,6.35
2025-06-20,Organic,0.0
2025-06-20,Direct,0.0
2025-06-21,Search,98.83
2025-06-21,Paid Social,179.31
2025-06-21,Email,6.05
2025-06-21,Organic,0.0
2025-06-21,Direct,0.0
2025-06-22,Search,86.27
2025-06-22,Paid Social,119.25
2025-06-22,Email,7.62
2025-06-22,Organic,0.0
2025-06-22,Direct,0.0
2025-06-23,Search,85.81
2025-06-23,Paid Social,138.49
2025-06-23,Email,8.36
2025-06-23,Organic,0.0
2025-06-23,Direct,0.0
2025-06-24,Search,70.84
2025-06-24,Paid Social,113.64
2025-06-24,Email,8.86
2025-06-24,Organic,0.0
2025-06-24,Direct,0.0
2025-06-25,Search,134.81
2025-06-25,Paid Social,172.93
2025-06-25,Email,14.12
2025-06-25,Organic,0.0
2025-06-25,Direct,0.0
2025-06-26,Search,111.76
2025-06-26,Paid Social,84.29
2025-06-26,Email,17.47
2025-06-26,Organic,0.0
2025-06-26,Direct,0.0
2025-06-27,Search,125.29
2025-06-27,Paid Social,237.12
2025-06-27,Email,7.53
2025-06-27,Organic,0.0
2025-06-27,Direct,0.0
2025-06-28,Search,67.7
2025-06-28,Paid Social,235.33
2025-06-28,Email,6.08
2025-06-28,Organic,0.0
2025-06-28,Direct,0.0
2025-06-29,Search,63.25
2025-06-29,Paid Social,158.57
2025-06-29,Email,16.88
2025-06-29,Organic,0.0
2025-06-29,Direct,0.0
2025-06-30,Search,88.91
2025-06-30,Paid Social,147.64
2025-06-30,Email,18.2
2025-06-30,Organic,0.0
2025-06-30,Direct,0.0
2025-07-01,Search,87.32
2025-07-01,Paid Social,178.97
2025-07-01,Email,19.65
2025-07-01,Organic,0.0
2025-07-01,Direct,0.0
2025-07-02,Search,97.09
2025-07-02,Paid Social,160.3
2025-07-02,Email,9.47
2025-07-02,Organic,0.0
2025-07-02,Direct,0.0
2025-07-03,Search,59.71
2025-07-03,Paid Social,204.42
2025-07-03,Email,9.66
2025-07-03,Organic,0.0
2025-07-03,Direct,0.0
2025-07-04,Search,78.7
2025-07-04,Paid Social,95.89
2025-07-04,Email,19.59
2025-07-04,Organic,0.0
2025-07-04,Direct,0.0
2025-07-05,Search,67.54
2025-07-05,Paid Social,214.19
2025-07-05,Email,8.8
2025-07-05,Organic,0.0
2025-07-05,Direct,0.0
2025-07-06,Search,140.03
2025-07-06,Paid Social,187.32
2025-07-06,Email,6.17
2025-07-06,Organic,0.0
2025-07-06,Direct,0.0
2025-07-07,Search,120.98
2025-07-07,Paid Social,123.56
2025-07-07,Email,14.89
2025-07-07,Organic,0.0
2025-07-07,Direct,0.0
2025-07-08,Search,138.65
2025-07-08,Paid Social,247.04
2025-07-08,Email,12.09
2025-07-08,Organic,0.0
2025-07-08,Direct,0.0
2025-07-09,Search,122.36
2025-07-09,Paid Social,224.38
2025-07-09,Email,15.07
2025-07-09,Organic,0.0
2025-07-09,Direct,0.0
2025-07-10,Search,70.26
2025-07-10,Paid Social,161.58
2025-07-10,Email,11.55
2025-07-10,Organic,0.0
2025-07-10,Direct,0.0
2025-07-11,Search,113.06
2025-07-11,Paid Social,169.24
2025-07-11,Email,9.42
2025-07-11,Organic,0.0
2025-07-11,Direct,0.0
2025-07-12,Search,108.82
2025-07-12,Paid Social,224.35
2025-07-12,Email,14.43
2025-07-12,Organic,0.0
2025-07-12,Direct,0.0
2025-07-13,Search,140.07
2025-07-13,Paid Social,181.87
2025-07-13,Email,6.13
2025-07-13,Organic,0.0
2025-07-13,Direct,0.0
2025-07-14,Search,65.28
2025-07-14,Paid Social,228.42
2025-07-14,Email,15.35
2025-07-14,Organic,0.0
2025-07-14,Direct,0.0
2025-07-15,Search,118.79
2025-07-15,Paid Social,101.57
2025-07-15,Email,18.2
2025-07-15,Organic,0.0
2025-07-15,Direct,0.0
2025-07-16,Search,80.85
2025-07-16,Paid Social,132.1
2025-07-16,Email,14.68
2025-07-16,Organic,0.0
2025-07-16,Direct,0.0
2025-07-17,Search,128.95
2025-07-17,Paid Social,80.54
2025-07-17,Email,11.98
2025-07-17,Organic,0.0
2025-07-17,Direct,0.0
2025-07-18,Search,137.35
2025-07-18,Paid Social,115.87
2025-07-18,Email,18.38
2025-07-18,Organic,0.0
2025-07-18,Direct,0.0
2025-07-19,Search,110.34
2025-07-19,Paid Social,168.63
2025-07-19,Email,5.7
2025-07-19,Organic,0.0
2025-07-19,Direct,0.0
2025-07-20,Search,135.49
2025-07-20,Paid Social,167.37
2025-07-20,Email,15.57
2025-07-20,Organic,0.0
2025-07-20,Direct,0.0
2025-07-21,Search,134.12
2025-07-21,Paid Social,234.77
2025-07-21,Email,13.2
2025-07-21,Organic,0.0
2025-07-21,Direct,0.0
2025-07-22,Search,124.95
2025-07-22,Paid Social,164.36
2025-07-22,Email,9.38
2025-07-22,Organic,0.0
2025-07-22,Direct,0.0
2025-07-23,Search,94.58
2025-07-23,Paid Social,193.09
2025-07-23,Email,9.17
2025-07-23,Organic,0.0
2025-07-23,Direct,0.0
2025-07-24,Search,140.96
2025-07-24,Paid Social,240.48
2025-07-24,Email,10.85
2025-07-24,Organic,0.0
2025-07-24,Direct,0.0
2025-07-25,Search,70.95
2025-07-25,Paid Social,192.01
2025-07-25,Email,10.74
2025-07-25,Organic,0.0
2025-07-25,Direct,0.0
2025-07-26,Search,98.1
2025-07-26,Paid Social,176.78
2025-07-26,Email,17.77
2025-07-26,Organic,0.0
2025-07-26,Direct,0.0
2025-07-27,Search,106.77
2025-07-27,Paid Social,122.4
2025-07-27,Email,6.25
2025-07-27,Organic,0.0
2025-07-27,Direct,0.0
2025-07-28,Search,57.03
2025-07-28,Paid Social,212.22
2025-07-28,Email,6.91
2025-07-28,Organic,0.0
2025-07-28,Direct,0.0
2025-07-29,Search,66.54
2025-07-29,Paid Social,92.58
2025-07-29,Email,17.96
2025-07-29,Organic,0.0
2025-07-29,Direct,0.0
2025-07-30,Search,103.11
2025-07-30,Paid Social,139.69
2025-07-30,Email,16.33
2025-07-30,Organic,0.0
2025-07-30,Direct,0.0
2025-07-31,Search,85.54
2025-07-31,Paid Social,171.89
2025-07-31,Email,6.08
2025-07-31,Organic,0.0
2025-07-31,Direct,0.0
2025-08-01,Search,69.54
2025-08-01,Paid Social,215.63
2025-08-01,Email,15.92
2025-08-01,Organic,0.0
2025-08-01,Direct,0.0
2025-08-02,Search,102.68
2025-08-02,Paid Social,145.31
2025-08-02,Email,12.62
2025-08-02,Organic,0.0
2025-08-02,Direct,0.0
2025-08-03,Search,105.27
2025-08-03,Paid Social,109.42
2025-08-03,Email,7.22
2025-08-03,Organic,0.0
2025-08-03,Direct,0.0
2025-08-04,Search,143.87
2025-08-04,Paid Social,97.19
2025-08-04,Email,8.7
2025-08-04,Organic,0.0
2025-08-04,Direct,0.0
2025-08-05,Search,108.57
2025-08-05,Paid Social,200.75
2025-08-05,Email,7.59
2025-08-05,Organic,0.0
2025-08-05,Direct,0.0
2025-08-06,Search,122.01
2025-08-06,Paid Social,177.81
2025-08-06,Email,16.94
2025-08-06,Organic,0.0
2025-08-06,Direct,0.0
2025-08-07,Search,86.16
2025-08-07,Paid Social,83.28
2025-08-07,Email,6.2
2025-08-07,Organic,0.0
2025-08-07,Direct,0.0
2025-08-08,Search,90.21
2025-08-08,Paid Social,192.04
2025-08-08,Email,5.84
2025-08-08,Organic,0.0
2025-08-08,Direct,0.0
2025-08-09,Search,133.32
2025-08-09,Paid Social,94.73
2025-08-09,Email,16.34
2025-08-09,Organic,0.0
2025-08-09,Direct,0.0
2025-08-10,Search,71.46
2025-08-10,Paid Social,106.92
2025-08-10,Email,12.05
2025-08-10,Organic,0.0
2025-08-10,Direct,0.0
2025-08-11,Search,134.95
2025-08-11,Paid Social,111.96
2025-08-11,Email,12.67
2025-08-11,Organic,0.0
2025-08-11,Direct,0.0
2025-08-12,Search,79.25
2025-08-12,Paid Social,127.16
2025-08-12,Email,19.23
2025-08-12,Organic,0.0
2025-08-12,Direct,0.0
2025-08-13,Search,93.89
2025-08-13,Paid Social,154.5
2025-08-13,Email,9.14
2025-08-13,Organic,0.0
2025-08-13,Direct,0.0
2025-08-14,Search,84.33
2025-08-14,Paid Social,126.56
2025-08-14,Email,17.47
2025-08-14,Organic,0.0
2025-08-14,Direct,0.0
2025-08-15,Search,87.41
2025-08-15,Paid Social,190.52
2025-08-15,Email,19.98
2025-08-15,Organic,0.0
2025-08-15,Direct,0.0
2025-08-16,Search,94.16
2025-08-16,Paid Social,241.02
2025-08-16,Email,16.37
2025-08-16,Organic,0.0
2025-08-16,Direct,0.0
2025-08-17,Search,69.38
2025-08-17,Paid Social,91.42
2025-08-17,Email,10.08
2025-08-17,Organic,0.0
2025-08-17,Direct,0.0
2025-08-18,Search,148.42
2025-08-18,Paid Social,222.97
2025-08-18,Email,11.83
2025-08-18,Organic,0.0
2025-08-18,Direct,0.0
2025-08-19,Search,86.89
2025-08-19,Paid Social,170.22
2025-08-19,Email,19.38
2025-08-19,Organic,0.0
2025-08-19,Direct,0.0
2025-08-20,Search,87.16
2025-08-20,Paid Social,175.78
2025-08-20,Email,11.31
2025-08-20,Organic,0.0
2025-08-20,Direct,0.0
2025-08-21,Search,143.17
2025-08-21,Paid Social,244.61
2025-08-21,Email,16.72
2025-08-21,Organic,0.0
2025-08-21,Direct,0.0
2025-08-22,Search,83.58
2025-08-22,Paid Social,194.38
2025-08-22,Email,6.39
2025-08-22,Organic,0.0
2025-08-22,Direct,0.0
2025-08-23,Search,93.86
2025-08-23,Paid Social,213.13
2025-08-23,Email,10.8
2025-08-23,Organic,0.0
2025-08-23,Direct,0.0
2025-08-24,Search,65.42
2025-08-24,Paid Social,210.62
2025-08-24,Email,11.51
2025-08-24,Organic,0.0
2025-08-24,Direct,0.0
2025-08-25,Search,139.06
2025-08-25,Paid Social,161.63
2025-08-25,Email,6.4
2025-08-25,Organic,0.0
2025-08-25,Direct,0.0
2025-08-26,Search,143.83
2025-08-26,Paid Social,234.9
2025-08-26,Email,7.4
2025-08-26,Organic,0.0
2025-08-26,Direct,0.0
2025-08-27,Search,146.83
2025-08-27,Paid Social,218.66
2025-08-27,Email,6.88
2025-08-27,Organic,0.0
2025-08-27,Direct,0.0
2025-08-28,Search,146.28
2025-08-28,Paid Social,215.16
2025-08-28,Email,16.99
2025-08-28,Organic,0.0
2025-08-28,Direct,0.0
2025-08-29,Search,83.06
2025-08-29,Paid Social,240.87
2025-08-29,Email,13.46
2025-08-29,Organic,0.0
2025-08-29,Direct,0.0
2025-08-30,Search,120.62
2025-08-30,Paid Social,133.95
2025-08-30,Email,10.77
2025-08-30,Organic,0.0
2025-08-30,Direct,0.0
2025-08-31,Search,129.26
2025-08-31,Paid Social,229.39
2025-08-31,Email,6.48
2025-08-31,Organic,0.0
2025-08-31,Direct,0.0
2025-09-01,Search,116.18
2025-09-01,Paid Social,212.91
2025-09-01,Email,9.02
2025-09-01,Organic,0.0
2025-09-01,Direct,0.0
2025-09-02,Search,51.05
2025-09-02,Paid Social,168.23
2025-09-02,Email,15.9
2025-09-02,Organic,0.0
2025-09-02,Direct,0.0
2025-09-03,Search,101.77
2025-09-03,Paid Social,217.38
2025-09-03,Email,5.2
2025-09-03,Organic,0.0
2025-09-03,Direct,0.0
2025-09-04,Search,116.31
2025-09-04,Paid Social,126.45
2025-09-04,Email,7.39
2025-09-04,Organic,0.0
2025-09-04,Direct,0.0
2025-09-05,Search,128.12
2025-09-05,Paid Social,228.87
2025-09-05,Email,16.41
2025-09-05,Organic,0.0
2025-09-05,Direct,0.0
2025-09-06,Search,89.79
2025-09-06,Paid Social,98.19
2025-09-06,Email,14.2
2025-09-06,Organic,0.0
2025-09-06,Direct,0.0
2025-09-07,Search,53.73
2025-09-07,Paid Social,187.01
2025-09-07,Email,11.95
2025-09-07,Organic,0.0
2025-09-07,Direct,0.0
2025-09-08,Search,104.19
2025-09-08,Paid Social,180.56
2025-09-08,Email,9.94
2025-09-08,Organic,0.0
2025-09-08,Direct,0.0
2025-09-09,Search,107.62
2025-09-09,Paid Social,93.56
2025-09-09,Email,6.51
2025-09-09,Organic,0.0
2025-09-09,Direct,0.0
2025-09-10,Search,105.6
2025-09-10,Paid Social,164.93
2025-09-10,Email,19.65
2025-09-10,Organic,0.0
2025-09-10,Direct,0.0
2025-09-11,Search,116.35
2025-09-11,Paid Social,168.98
2025-09-11,Email,12.79
2025-09-11,Organic,0.0
2025-09-11,Direct,0.0
2025-09-12,Search,57.65
2025-09-12,Paid Social,156.1
2025-09-12,Email,8.91
2025-09-12,Organic,0.0
2025-09-12,Direct,0.0
2025-09-13,Search,108.46
2025-09-13,Paid Social,195.8
2025-09-13,Email,11.33
2025-09-13,Organic,0.0
2025-09-13,Direct,0.0
2025-09-14,Search,98.6
2025-09-14,Paid Social,152.01
2025-09-14,Email,9.81
2025-09-14,Organic,0.0
2025-09-14,Direct,0.0
2025-09-15,Search,97.21
2025-09-15,Paid Social,194.84
2025-09-15,Email,12.89
2025-09-15,Organic,0.0
2025-09-15,Direct,0.0
2025-09-16,Search,93.02
2025-09-16,Paid Social,163.68
2025-09-16,Email,17.45
2025-09-16,Organic,0.0
2025-09-16,Direct,0.0
2025-09-17,Search,103.5
2025-09-17,Paid Social,100.1
2025-09-17,Email,11.38
2025-09-17,Organic,0.0
2025-09-17,Direct,0.0
2025-09-18,Search,67.79
2025-09-18,Paid Social,114.22
2025-09-18,Email,13.35
2025-09-18,Organic,0.0
2025-09-18,Direct,0.0
2025-09-19,Search,143.14
2025-09-19,Paid Social,142.5
2025-09-19,Email,14.82
2025-09-19,Organic,0.0
2025-09-19,Direct,0.0
2025-09-20,Search,86.59
2025-09-20,Paid Social,184.03
2025-09-20,Email,17.12
2025-09-20,Organic,0.0
2025-09-20,Direct,0.0
2025-09-21,Search,56.6
2025-09-21,Paid Social,226.42
2025-09-21,Email,19.22
2025-09-21,Organic,0.0
2025-09-21,Direct,0.0
2025-09-22,Search,78.84
2025-09-22,Paid Social,198.92
2025-09-22,Email,15.0
2025-09-22,Organic,0.0
2025-09-22,Direct,0.0
2025-09-23,Search,144.02
2025-09-23,Paid Social,147.82
2025-09-23,Email,16.78
2025-09-23,Organic,0.0
2025-09-23,Direct,0.0
2025-09-24,Search,105.76
2025-09-24,Paid Social,95.21
2025-09-24,Email,13.15
2025-09-24,Organic,0.0
2025-09-24,Direct,0.0
2025-09-25,Search,114.1
2025-09-25,Paid Social,93.68
2025-09-25,Email,15.18
2025-09-25,Organic,0.0
2025-09-25,Direct,0.0
2025-09-26,Search,126.87
2025-09-26,Paid Social,163.33
2025-09-26,Email,17.66
2025-09-26,Organic,0.0
2025-09-26,Direct,0.0
2025-09-27,Search,98.99
2025-09-27,Paid Social,126.21
2025-09-27,Email,19.82
2025-09-27,Organic,0.0
2025-09-27,Direct,0.0
2025-09-28,Search,105.95
2025-09-28,Paid Social,134.47
2025-09-28,Email,15.47
2025-09-28,Organic,0.0
2025-09-28,Direct,0.0
2025-09-29,Search,111.48
2025-09-29,Paid Social,148.64
2025-09-29,Email,11.17
2025-09-29,Organic,0.0
2025-09-29,Direct,0.0
2025-09-30,Search,87.45
2025-09-30,Paid Social,192.0
2025-09-30,Email,15.44
2025-09-30,Organic,0.0
2025-09-30,Direct,0.0
2025-10-01,Search,88.06
2025-10-01,Paid Social,133.8
2025-10-01,Email,5.36
2025-10-01,Organic,0.0
2025-10-01,Direct,0.0
2025-10-02,Search,69.2
2025-10-02,Paid Social,247.92
2025-10-02,Email,19.6
2025-10-02,Organic,0.0
2025-10-02,Direct,0.0
2025-10-03,Search,126.08
2025-10-03,Paid Social,128.83
2025-10-03,Email,7.77
2025-10-03,Organic,0.0
2025-10-03,Direct,0.0
2025-10-04,Search,88.5
2025-10-04,Paid Social,113.38
2025-10-04,Email,14.81
2025-10-04,Organic,0.0
2025-10-04,Direct,0.0
2025-10-05,Search,117.1
2025-10-05,Paid Social,179.93
2025-10-05,Email,10.16
2025-10-05,Organic,0.0
2025-10-05,Direct,0.0
2025-10-06,Search,59.51
2025-10-06,Paid Social,117.38
2025-10-06,Email,18.46
2025-10-06,Organic,0.0
2025-10-06,Direct,0.0
2025-10-07,Search,113.43
2025-10-07,Paid Social,219.25
2025-10-07,Email,11.96
2025-10-07,Organic,0.0
2025-10-07,Direct,0.0
2025-10-08,Search,54.54
2025-10-08,Paid Social,151.81
2025-10-08,Email,19.68
2025-10-08,Organic,0.0
2025-10-08,Direct,0.0
2025-10-09,Search,84.76
2025-10-09,Paid Social,186.36
2025-10-09,Email,7.53
2025-10-09,Organic,0.0
2025-10-09,Direct,0.0
2025-10-10,Search,77.09
2025-10-10,Paid Social,187.12
2025-10-10,Email,5.93
2025-10-10,Organic,0.0
2025-10-10,Direct,0.0
2025-10-11,Search,72.12
2025-10-11,Paid Social,209.24
2025-10-11,Email,17.13
2025-10-11,Organic,0.0
2025-10-11,Direct,0.0
2025-10-12,Search,103.6
2025-10-12,Paid Social,195.07
2025-10-12,Email,7.84
2025-10-12,Organic,0.0
2025-10-12,Direct,0.0
2025-10-13,Search,70.3
2025-10-13,Paid Social,99.6
2025-10-13,Email,9.43
2025-10-13,Organic,0.0
2025-10-13,Direct,0.0
2025-10-14,Search,96.54
2025-10-14,Paid Social,241.06
2025-10-14,Email,5.77
2025-10-14,Organic,0.0
2025-10-14,Direct,0.0
2025-10-15,Search,50.26
2025-10-15,Paid Social,147.34
2025-10-15,Email,15.49
2025-10-15,Organic,0.0
2025-10-15,Direct,0.0
2025-10-16,Search,68.4
2025-10-16,Paid Social,235.31
2025-10-16,Email,7.16
2025-10-16,Organic,0.0
2025-10-16,Direct,0.0
2025-10-17,Search,106.33
2025-10-17,Paid Social,107.28
2025-10-17,Email,10.24
2025-10-17,Organic,0.0
2025-10-17,Direct,0.0
2025-10-18,Search,144.92
2025-10-18,Paid Social,213.26
2025-10-18,Email,15.67
2025-10-18,Organic,0.0
2025-10-18,Direct,0.0
2025-10-19,Search,70.3
2025-10-19,Paid Social,152.39
2025-10-19,Email,6.78
2025-10-19,Organic,0.0
2025-10-19,Direct,0.0
2025-10-20,Search,50.55
2025-10-20,Paid Social,176.12
2025-10-20,Email,17.85
2025-10-20,Organic,0.0
2025-10-20,Direct,0.0
2025-10-21,Search,69.93
2025-10-21,Paid Social,201.67
2025-10-21,Email,6.94
2025-10-21,Organic,0.0
2025-10-21,Direct,0.0
2025-10-22,Search,130.19
2025-10-22,Paid Social,215.55
2025-10-22,Email,5.6
2025-10-22,Organic,0.0
2025-10-22,Direct,0.0
2025-10-23,Search,89.69
2025-10-23,Paid Social,142.66
2025-10-23,Email,9.11
2025-10-23,Organic,0.0
2025-10-23,Direct,0.0
2025-10-24,Search,108.19
2025-10-24,Paid Social,82.53
2025-10-24,Email,19.07
2025-10-24,Organic,0.0
2025-10-24,Direct,0.0
2025-10-25,Search,99.78
2025-10-25,Paid Social,243.75
2025-10-25,Email,8.61
2025-10-25,Organic,0.0
2025-10-25,Direct,0.0
2025-10-26,Search,82.36
2025-10-26,Paid Social,121.1
2025-10-26,Email,16.63
2025-10-26,Organic,0.0
2025-10-26,Direct,0.0
2025-10-27,Search,87.45
2025-10-27,Paid Social,214.02
2025-10-27,Email,15.33
2025-10-27,Organic,0.0
2025-10-27,Direct,0.0
2025-10-28,Search,56.08
2025-10-28,Paid Social,166.12
2025-10-28,Email,15.55
2025-10-28,Organic,0.0
2025-10-28,Direct,0.0
2025-10-29,Search,70.37
2025-10-29,Paid Social,202.06
2025-10-29,Email,13.41
2025-10-29,Organic,0.0
2025-10-29,Direct,0.0
2025-10-30,Search,63.87
2025-10-30,Paid Social,124.26
2025-10-30,Email,6.85
2025-10-30,Organic,0.0
2025-10-30,Direct,0.0
2025-10-31,Search,94.21
2025-10-31,Paid Social,230.77
2025-10-31,Email,9.17
2025-10-31,Organic,0.0
2025-10-31,Direct,0.0
2025-11-01,Search,161.84
2025-11-01,Paid Social,227.04
2025-11-01,Email,10.85
2025-11-01,Organic,0.0
2025-11-01,Direct,0.0
2025-11-02,Search,119.79
2025-11-02,Paid Social,233.72
2025-11-02,Email,21.45
2025-11-02,Organic,0.0
2025-11-02,Direct,0.0
2025-11-03,Search,87.64
2025-11-03,Paid Social,269.01
2025-11-03,Email,9.07
2025-11-03,Organic,0.0
2025-11-03,Direct,0.0
2025-11-04,Search,211.16
2025-11-04,Paid Social,342.08
2025-11-04,Email,12.27
2025-11-04,Organic,0.0
2025-11-04,Direct,0.0
2025-11-05,Search,179.07
2025-11-05,Paid Social,253.37
2025-11-05,Email,28.63
2025-11-05,Organic,0.0
2025-11-05,Direct,0.0
2025-11-06,Search,80.36
2025-11-06,Paid Social,312.56
2025-11-06,Email,17.57
2025-11-06,Organic,0.0
2025-11-06,Direct,0.0
2025-11-07,Search,75.22
2025-11-07,Paid Social,296.67
2025-11-07,Email,19.44
2025-11-07,Organic,0.0
2025-11-07,Direct,0.0
2025-11-08,Search,155.64
2025-11-08,Paid Social,301.16
2025-11-08,Email,29.76
2025-11-08,Organic,0.0
2025-11-08,Direct,0.0
2025-11-09,Search,161.75
2025-11-09,Paid Social,263.44
2025-11-09,Email,26.97
2025-11-09,Organic,0.0
2025-11-09,Direct,0.0
2025-11-10,Search,148.23
2025-11-10,Paid Social,315.6
2025-11-10,Email,28.68
2025-11-10,Organic,0.0
2025-11-10,Direct,0.0
2025-11-11,Search,141.05
2025-11-11,Paid Social,129.94
2025-11-11,Email,9.06
2025-11-11,Organic,0.0
2025-11-11,Direct,0.0
2025-11-12,Search,175.14
2025-11-12,Paid Social,347.82
2025-11-12,Email,14.25
2025-11-12,Organic,0.0
2025-11-12,Direct,0.0
2025-11-13,Search,100.94
2025-11-13,Paid Social,188.2
2025-11-13,Email,13.1
2025-11-13,Organic,0.0
2025-11-13,Direct,0.0
2025-11-14,Search,81.66
2025-11-14,Paid Social,363.52
2025-11-14,Email,21.46
2025-11-14,Organic,0.0
2025-11-14,Direct,0.0
2025-11-15,Search,107.56
2025-11-15,Paid Social,156.39
2025-11-15,Email,7.98
2025-11-15,Organic,0.0
2025-11-15,Direct,0.0
2025-11-16,Search,107.22
2025-11-16,Paid Social,223.0
2025-11-16,Email,22.2
2025-11-16,Organic,0.0
2025-11-16,Direct,0.0
2025-11-17,Search,114.6
2025-11-17,Paid Social,128.98
2025-11-17,Email,20.75
2025-11-17,Organic,0.0
2025-11-17,Direct,0.0
2025-11-18,Search,224.85
2025-11-18,Paid Social,206.87
2025-11-18,Email,24.96
2025-11-18,Organic,0.0
2025-11-18,Direct,0.0
2025-11-19,Search,185.04
2025-11-19,Paid Social,157.48
2025-11-19,Email,8.04
2025-11-19,Organic,0.0
2025-11-19,Direct,0.0
2025-11-20,Search,163.38
2025-11-20,Paid Social,174.88
2025-11-20,Email,23.07
2025-11-20,Organic,0.0
2025-11-20,Direct,0.0
2025-11-21,Search,152.12
2025-11-21,Paid Social,151.09
2025-11-21,Email,19.77
2025-11-21,Organic,0.0
2025-11-21,Direct,0.0
2025-11-22,Search,110.58
2025-11-22,Paid Social,191.04
2025-11-22,Email,8.16
2025-11-22,Organic,0.0
2025-11-22,Direct,0.0
2025-11-23,Search,143.53
2025-11-23,Paid Social,196.95
2025-11-23,Email,19.68
2025-11-23,Organic,0.0
2025-11-23,Direct,0.0
2025-11-24,Search,157.6
2025-11-24,Paid Social,175.4
2025-11-24,Email,8.45
2025-11-24,Organic,0.0
2025-11-24,Direct,0.0
2025-11-25,Search,124.57
2025-11-25,Paid Social,372.64
2025-11-25,Email,15.27
2025-11-25,Organic,0.0
2025-11-25,Direct,0.0
2025-11-26,Search,193.47
2025-11-26,Paid Social,321.62
2025-11-26,Email,10.47
2025-11-26,Organic,0.0
2025-11-26,Direct,0.0
2025-11-27,Search,149.12
2025-11-27,Paid Social,211.32
2025-11-27,Email,27.48
2025-11-27,Organic,0.0
2025-11-27,Direct,0.0
2025-11-28,Search,156.69
2025-11-28,Paid Social,301.0
2025-11-28,Email,19.17
2025-11-28,Organic,0.0
2025-11-28,Direct,0.0
2025-11-29,Search,224.9
2025-11-29,Paid Social,144.69
2025-11-29,Email,29.1
2025-11-29,Organic,0.0
2025-11-29,Direct,0.0
2025-11-30,Search,117.02
2025-11-30,Paid Social,260.67
2025-11-30,Email,23.28
2025-11-30,Organic,0.0
2025-11-30,Direct,0.0
2025-12-01,Search,119.84
2025-12-01,Paid Social,287.14
2025-12-01,Email,13.3
2025-12-01,Organic,0.0
2025-12-01,Direct,0.0
2025-12-02,Search,207.01
2025-12-02,Paid Social,163.53
2025-12-02,Email,11.34
2025-12-02,Organic,0.0
2025-12-02,Direct,0.0
2025-12-03,Search,155.58
2025-12-03,Paid Social,367.47
2025-12-03,Email,13.21
2025-12-03,Organic,0.0
2025-12-03,Direct,0.0
2025-12-04,Search,197.5
2025-12-04,Paid Social,122.11
2025-12-04,Email,16.66
2025-12-04,Organic,0.0
2025-12-04,Direct,0.0
2025-12-05,Search,218.97
2025-12-05,Paid Social,143.87
2025-12-05,Email,23.17
2025-12-05,Organic,0.0
2025-12-05,Direct,0.0
2025-12-06,Search,201.5
2025-12-06,Paid Social,298.61
2025-12-06,Email,18.42
2025-12-06,Organic,0.0
2025-12-06,Direct,0.0
2025-12-07,Search,95.8
2025-12-07,Paid Social,212.26
2025-12-07,Email,25.91
2025-12-07,Organic,0.0
2025-12-07,Direct,0.0
2025-12-08,Search,156.72
2025-12-08,Paid Social,324.27
2025-12-08,Email,28.08
2025-12-08,Organic,0.0
2025-12-08,Direct,0.0
2025-12-09,Search,220.16
2025-12-09,Paid Social,223.84
2025-12-09,Email,25.35
2025-12-09,Organic,0.0
2025-12-09,Direct,0.0
2025-12-10,Search,211.84
2025-12-10,Paid Social,188.82
2025-12-10,Email,8.07
2025-12-10,Organic,0.0
2025-12-10,Direct,0.0
2025-12-11,Search,85.53
2025-12-11,Paid Social,290.44
2025-12-11,Email,25.74
2025-12-11,Organic,0.0
2025-12-11,Direct,0.0
2025-12-12,Search,98.55
2025-12-12,Paid Social,282.39
2025-12-12,Email,23.34
2025-12-12,Organic,0.0
2025-12-12,Direct,0.0
2025-12-13,Search,223.71
2025-12-13,Paid Social,332.64
2025-12-13,Email,9.87
2025-12-13,Organic,0.0
2025-12-13,Direct,0.0
2025-12-14,Search,178.6
2025-12-14,Paid Social,133.45
2025-12-14,Email,16.44
2025-12-14,Organic,0.0
2025-12-14,Direct,0.0
2025-12-15,Search,186.02
2025-12-15,Paid Social,125.86
2025-12-15,Email,28.61
2025-12-15,Organic,0.0
2025-12-15,Direct,0.0
2025-12-16,Search,134.97
2025-12-16,Paid Social,285.57
2025-12-16,Email,23.71
2025-12-16,Organic,0.0
2025-12-16,Direct,0.0
2025-12-17,Search,136.31
2025-12-17,Paid Social,166.2
2025-12-17,Email,15.98
2025-12-17,Organic,0.0
2025-12-17,Direct,0.0
2025-12-18,Search,115.68
2025-12-18,Paid Social,166.05
2025-12-18,Email,7.92
2025-12-18,Organic,0.0
2025-12-18,Direct,0.0
2025-12-19,Search,82.08
2025-12-19,Paid Social,169.71
2025-12-19,Email,25.14
2025-12-19,Organic,0.0
2025-12-19,Direct,0.0
2025-12-20,Search,85.17
2025-12-20,Paid Social,128.87
2025-12-20,Email,20.8
2025-12-20,Organic,0.0
2025-12-20,Direct,0.0
2025-12-21,Search,117.18
2025-12-21,Paid Social,174.66
2025-12-21,Email,20.67
2025-12-21,Organic,0.0
2025-12-21,Direct,0.0
2025-12-22,Search,187.05
2025-12-22,Paid Social,373.26
2025-12-22,Email,7.59
2025-12-22,Organic,0.0
2025-12-22,Direct,0.0
2025-12-23,Search,126.6
2025-12-23,Paid Social,231.08
2025-12-23,Email,19.46
2025-12-23,Organic,0.0
2025-12-23,Direct,0.0
2025-12-24,Search,133.59
2025-12-24,Paid Social,157.75
2025-12-24,Email,20.4
2025-12-24,Organic,0.0
2025-12-24,Direct,0.0
2025-12-25,Search,134.07
2025-12-25,Paid Social,151.47
2025-12-25,Email,28.3
2025-12-25,Organic,0.0
2025-12-25,Direct,0.0
2025-12-26,Search,100.94
2025-12-26,Paid Social,190.65
2025-12-26,Email,29.98
2025-12-26,Organic,0.0
2025-12-26,Direct,0.0
2025-12-27,Search,143.69
2025-12-27,Paid Social,319.25
2025-12-27,Email,25.59
2025-12-27,Organic,0.0
2025-12-27,Direct,0.0
2025-12-28,Search,176.23
2025-12-28,Paid Social,137.41
2025-12-28,Email,26.88
2025-12-28,Organic,0.0
2025-12-28,Direct,0.0
2025-12-29,Search,160.41
2025-12-29,Paid Social,129.45
2025-12-29,Email,28.08
2025-12-29,Organic,0.0
2025-12-29,Direct,0.0
2025-12-30,Search,121.31
2025-12-30,Paid Social,219.27
2025-12-30,Email,7.89
2025-12-30,Organic,0.0
2025-12-30,Direct,0.0
2025-12-31,Search,141.44
2025-12-31,Paid Social,357.44
2025-12-31,Email,23.96
2025-12-31,Organic,0.0
2025-12-31,Direct,0.0
